-- --------------------------------------------------------
-- Host:                         127.0.0.1
-- Server version:               10.4.11-MariaDB - mariadb.org binary distribution
-- Server OS:                    Win64
-- HeidiSQL Version:             10.3.0.5771
-- --------------------------------------------------------

/*!40101 SET @OLD_CHARACTER_SET_CLIENT=@@CHARACTER_SET_CLIENT */;
/*!40101 SET NAMES utf8 */;
/*!50503 SET NAMES utf8mb4 */;
/*!40014 SET @OLD_FOREIGN_KEY_CHECKS=@@FOREIGN_KEY_CHECKS, FOREIGN_KEY_CHECKS=0 */;
/*!40101 SET @OLD_SQL_MODE=@@SQL_MODE, SQL_MODE='NO_AUTO_VALUE_ON_ZERO' */;


-- Dumping database structure for netashop
CREATE DATABASE IF NOT EXISTS `netashop` /*!40100 DEFAULT CHARACTER SET utf8mb4 COLLATE utf8mb4_unicode_ci */;
USE `netashop`;

-- Dumping structure for table netashop.acl_model_has_permissions
CREATE TABLE IF NOT EXISTS `acl_model_has_permissions` (
  `permission_id` bigint(20) unsigned NOT NULL,
  `model_type` varchar(191) COLLATE utf8mb4_unicode_ci NOT NULL,
  `model_id` bigint(20) unsigned NOT NULL,
  PRIMARY KEY (`permission_id`,`model_id`,`model_type`),
  KEY `model_has_permissions_model_type_model_id_index` (`model_type`,`model_id`),
  CONSTRAINT `FK_model_has_permissions` FOREIGN KEY (`permission_id`) REFERENCES `acl_permissions` (`id`) ON DELETE CASCADE
) ENGINE=InnoDB DEFAULT CHARSET=utf8mb4 COLLATE=utf8mb4_unicode_ci;

-- Dumping data for table netashop.acl_model_has_permissions: ~0 rows (approximately)
/*!40000 ALTER TABLE `acl_model_has_permissions` DISABLE KEYS */;
INSERT INTO `acl_model_has_permissions` (`permission_id`, `model_type`, `model_id`) VALUES
	(2, 'App\\Models\\Auth\\User', 1);
/*!40000 ALTER TABLE `acl_model_has_permissions` ENABLE KEYS */;

-- Dumping structure for table netashop.acl_model_has_roles
CREATE TABLE IF NOT EXISTS `acl_model_has_roles` (
  `role_id` bigint(20) unsigned NOT NULL,
  `model_type` varchar(191) COLLATE utf8mb4_unicode_ci NOT NULL,
  `model_id` bigint(20) unsigned NOT NULL,
  PRIMARY KEY (`role_id`,`model_id`,`model_type`),
  KEY `model_has_roles_model_type_model_id_index` (`model_type`,`model_id`),
  CONSTRAINT `FK_model_has_roles` FOREIGN KEY (`role_id`) REFERENCES `acl_roles` (`id`) ON DELETE CASCADE
) ENGINE=InnoDB DEFAULT CHARSET=utf8mb4 COLLATE=utf8mb4_unicode_ci;

-- Dumping data for table netashop.acl_model_has_roles: ~2 rows (approximately)
/*!40000 ALTER TABLE `acl_model_has_roles` DISABLE KEYS */;
INSERT INTO `acl_model_has_roles` (`role_id`, `model_type`, `model_id`) VALUES
	(1, 'App\\Models\\Auth\\User', 1),
	(2, 'App\\Models\\Auth\\User', 2);
/*!40000 ALTER TABLE `acl_model_has_roles` ENABLE KEYS */;

-- Dumping structure for table netashop.acl_permissions
CREATE TABLE IF NOT EXISTS `acl_permissions` (
  `id` bigint(20) unsigned NOT NULL AUTO_INCREMENT,
  `name` varchar(191) COLLATE utf8mb4_unicode_ci NOT NULL,
  `display_name` varchar(191) COLLATE utf8mb4_unicode_ci DEFAULT NULL,
  `guard_name` varchar(191) COLLATE utf8mb4_unicode_ci NOT NULL,
  `created_at` timestamp NULL DEFAULT NULL,
  `updated_at` timestamp NULL DEFAULT NULL,
  PRIMARY KEY (`id`)
) ENGINE=InnoDB AUTO_INCREMENT=3 DEFAULT CHARSET=utf8mb4 COLLATE=utf8mb4_unicode_ci;

-- Dumping data for table netashop.acl_permissions: ~2 rows (approximately)
/*!40000 ALTER TABLE `acl_permissions` DISABLE KEYS */;
INSERT INTO `acl_permissions` (`id`, `name`, `display_name`, `guard_name`, `created_at`, `updated_at`) VALUES
	(1, 'backend-view', 'Xem chức năng Quản trị Hệ thống', 'web', '2019-12-09 03:10:11', '2019-12-09 03:10:11'),
	(2, 'suppliers-view', 'Xem chức năng Nhà cung cấp', 'web', '2020-02-12 16:29:29', NULL);
/*!40000 ALTER TABLE `acl_permissions` ENABLE KEYS */;

-- Dumping structure for table netashop.acl_roles
CREATE TABLE IF NOT EXISTS `acl_roles` (
  `id` bigint(20) unsigned NOT NULL AUTO_INCREMENT,
  `name` varchar(191) COLLATE utf8mb4_unicode_ci NOT NULL,
  `display_name` varchar(191) COLLATE utf8mb4_unicode_ci DEFAULT NULL,
  `guard_name` varchar(191) COLLATE utf8mb4_unicode_ci NOT NULL,
  `created_at` timestamp NULL DEFAULT NULL,
  `updated_at` timestamp NULL DEFAULT NULL,
  PRIMARY KEY (`id`),
  KEY `roles_name_index` (`name`)
) ENGINE=InnoDB AUTO_INCREMENT=7 DEFAULT CHARSET=utf8mb4 COLLATE=utf8mb4_unicode_ci;

-- Dumping data for table netashop.acl_roles: ~4 rows (approximately)
/*!40000 ALTER TABLE `acl_roles` DISABLE KEYS */;
INSERT INTO `acl_roles` (`id`, `name`, `display_name`, `guard_name`, `created_at`, `updated_at`) VALUES
	(1, 'administrator', 'Quản trị Hệ thống', 'web', '2019-12-09 03:10:11', '2019-12-09 03:10:11'),
	(2, 'thukho', 'Thủ kho', 'web', '2019-12-09 03:10:11', '2019-12-09 03:10:11'),
	(3, 'ketoan', 'Kế toán', 'web', '2020-02-17 15:58:13', '2020-02-17 15:58:15'),
	(4, 'customer', 'Khách hàng', 'web', '2020-02-17 14:09:53', '2020-02-17 14:09:56');
/*!40000 ALTER TABLE `acl_roles` ENABLE KEYS */;

-- Dumping structure for table netashop.acl_role_has_permissions
CREATE TABLE IF NOT EXISTS `acl_role_has_permissions` (
  `permission_id` bigint(20) unsigned NOT NULL,
  `role_id` bigint(20) unsigned NOT NULL,
  PRIMARY KEY (`permission_id`,`role_id`),
  KEY `FK_role_has_permissions_role_id` (`role_id`),
  CONSTRAINT `FK_role_has_permissions_id` FOREIGN KEY (`permission_id`) REFERENCES `acl_permissions` (`id`) ON DELETE CASCADE,
  CONSTRAINT `FK_role_has_permissions_role_id` FOREIGN KEY (`role_id`) REFERENCES `acl_roles` (`id`) ON DELETE CASCADE
) ENGINE=InnoDB DEFAULT CHARSET=utf8mb4 COLLATE=utf8mb4_unicode_ci;

-- Dumping data for table netashop.acl_role_has_permissions: ~0 rows (approximately)
/*!40000 ALTER TABLE `acl_role_has_permissions` DISABLE KEYS */;
INSERT INTO `acl_role_has_permissions` (`permission_id`, `role_id`) VALUES
	(1, 1);
/*!40000 ALTER TABLE `acl_role_has_permissions` ENABLE KEYS */;

-- Dumping structure for table netashop.acl_users
CREATE TABLE IF NOT EXISTS `acl_users` (
  `id` bigint(20) unsigned NOT NULL AUTO_INCREMENT,
  `username` varchar(191) COLLATE utf8mb4_unicode_ci NOT NULL COMMENT 'Tên đăng nhập',
  `password` varchar(500) COLLATE utf8mb4_unicode_ci NOT NULL COMMENT 'Mật khẩu (mặc định: user@123)',
  `last_name` varchar(255) COLLATE utf8mb4_unicode_ci NOT NULL COMMENT 'Họ và tên lót',
  `first_name` varchar(255) COLLATE utf8mb4_unicode_ci NOT NULL COMMENT 'Tên',
  `gender` tinyint(3) unsigned NOT NULL DEFAULT 0 COMMENT 'Giới tính: #0: Nam; #1: Nữ',
  `email` varchar(191) COLLATE utf8mb4_unicode_ci NOT NULL COMMENT 'Email',
  `birthday` datetime DEFAULT NULL COMMENT 'Ngày sinh',
  `avatar` varchar(500) COLLATE utf8mb4_unicode_ci DEFAULT NULL COMMENT 'Hình đại diện',
  `job_title` varchar(255) COLLATE utf8mb4_unicode_ci DEFAULT NULL COMMENT 'Chức danh',
  `department` varchar(255) COLLATE utf8mb4_unicode_ci DEFAULT NULL COMMENT 'Phòng',
  `manager_id` bigint(20) unsigned DEFAULT NULL COMMENT 'Người phụ trách Quản lý',
  `phone` varchar(25) COLLATE utf8mb4_unicode_ci DEFAULT NULL COMMENT 'Số điện thoại',
  `address1` varchar(500) COLLATE utf8mb4_unicode_ci DEFAULT NULL COMMENT 'Địa chỉ 1',
  `address2` varchar(500) COLLATE utf8mb4_unicode_ci DEFAULT NULL COMMENT 'Địa chỉ 2',
  `city` varchar(255) COLLATE utf8mb4_unicode_ci DEFAULT NULL COMMENT 'Thành phố',
  `state` varchar(255) COLLATE utf8mb4_unicode_ci DEFAULT NULL COMMENT 'Bang',
  `postal_code` varchar(15) COLLATE utf8mb4_unicode_ci DEFAULT NULL COMMENT 'Mã bưu chính',
  `country` varchar(255) COLLATE utf8mb4_unicode_ci DEFAULT NULL COMMENT 'Quốc gia',
  `remember_token` varchar(255) COLLATE utf8mb4_unicode_ci DEFAULT NULL COMMENT 'Token ghi nhớ Đăng nhập',
  `active_code` varchar(255) COLLATE utf8mb4_unicode_ci DEFAULT NULL COMMENT 'Mã kích hoạt',
  `status` tinyint(4) DEFAULT NULL COMMENT 'Trạng thái: #0: chưa kích hoạt; #1: đã kích hoạt',
  `created_at` timestamp NULL DEFAULT NULL,
  `updated_at` timestamp NULL DEFAULT NULL,
  PRIMARY KEY (`id`),
  UNIQUE KEY `username` (`username`),
  UNIQUE KEY `email` (`email`)
) ENGINE=InnoDB AUTO_INCREMENT=222 DEFAULT CHARSET=utf8mb4 COLLATE=utf8mb4_unicode_ci;

-- Dumping data for table netashop.acl_users: ~21 rows (approximately)
/*!40000 ALTER TABLE `acl_users` DISABLE KEYS */;
INSERT INTO `acl_users` (`id`, `username`, `password`, `last_name`, `first_name`, `gender`, `email`, `birthday`, `avatar`, `job_title`, `department`, `manager_id`, `phone`, `address1`, `address2`, `city`, `state`, `postal_code`, `country`, `remember_token`, `active_code`, `status`, `created_at`, `updated_at`) VALUES
	(1, 'dnpcuong', 'a29c57c6894dee6e8251510d58c07078ee3f49bf', 'Dương Nguyễn Phú', 'Cường', 0, 'phucuong@ctu.edu.vn', NULL, 'avatars/dnpcuong_20200217161415.jpg', 'Developer', 'CUSC Software', NULL, '0915-659-223', '130 Xô Viết Nghệ Tỉnh, Quận Ninh Kiều', NULL, 'Cần Thơ', NULL, '64000', 'Vietnam', NULL, NULL, NULL, '2020-02-12 16:17:49', NULL),
	(201, 'user1', '68c9fc4c03dff5d734aab9787b5ea01d7d88aa85', 'Harris', 'George', 0, 'gharris0@pagesperso-orange.fr', NULL, 'avatars/logo-nentang.jpg', 'Administrative Assistant I', 'Toys', NULL, '1-(210)270-8536', '2 Bayside Drive', NULL, 'San Antonio', 'Texas', '78240', 'United States', NULL, NULL, NULL, NULL, NULL),
	(202, 'user2', '68c9fc4c03dff5d734aab9787b5ea01d7d88aa85', 'Hayes', 'Rachel', 0, 'rhayes1@si.edu', NULL, 'avatars/logo-nentang.jpg', 'Design Engineer', 'Books', NULL, '1-(971)797-2729', '30 Anhalt Street', NULL, 'Portland', 'Oregon', '97232', 'United States', NULL, NULL, NULL, NULL, NULL),
	(203, 'user3', '68c9fc4c03dff5d734aab9787b5ea01d7d88aa85', 'Palmer', 'Anthony', 1, 'apalmer2@posterous.com', NULL, 'avatars/logo-nentang.jpg', 'Health Coach II', 'Toys', NULL, '1-(702)984-2108', '02809 4th Pass', NULL, 'North Las Vegas', 'Nevada', '89036', 'United States', NULL, NULL, NULL, NULL, NULL),
	(204, 'user4', '68c9fc4c03dff5d734aab9787b5ea01d7d88aa85', 'Alvarez', 'Laura', 0, 'lalvarez3@time.com', NULL, 'avatars/logo-nentang.jpg', 'Computer Systems Analyst II', 'Health', NULL, '1-(518)328-2658', '647 Lakeland Road', NULL, 'Albany', 'New York', '12210', 'United States', NULL, NULL, NULL, NULL, NULL),
	(205, 'user5', '68c9fc4c03dff5d734aab9787b5ea01d7d88aa85', 'Reynolds', 'Annie', 0, 'areynolds4@nasa.gov', NULL, 'avatars/logo-nentang.jpg', 'Senior Quality Engineer', 'Kids', NULL, '1-(775)838-2203', '163 Carey Street', NULL, 'Reno', 'Nevada', '89550', 'United States', NULL, NULL, NULL, NULL, NULL),
	(206, 'user6', '68c9fc4c03dff5d734aab9787b5ea01d7d88aa85', 'Henry', 'Joe', 1, 'jhenry5@bbb.org', NULL, 'avatars/logo-nentang.jpg', 'Chief Design Engineer', 'Electronics', NULL, '1-(682)563-2229', '1 Harper Circle', NULL, 'Fort Worth', 'Texas', '76178', 'United States', NULL, NULL, NULL, NULL, NULL),
	(207, 'user7', '68c9fc4c03dff5d734aab9787b5ea01d7d88aa85', 'Willis', 'Willie', 0, 'wwillis6@berkeley.edu', NULL, 'avatars/logo-nentang.jpg', 'Structural Analysis Engineer', 'Shoes', NULL, '1-(317)654-6888', '641 Kropf Parkway', NULL, 'Indianapolis', 'Indiana', '46216', 'United States', NULL, NULL, NULL, NULL, NULL),
	(208, 'user8', '68c9fc4c03dff5d734aab9787b5ea01d7d88aa85', 'Lawrence', 'Keith', 0, 'klawrence7@discovery.com', NULL, 'avatars/logo-nentang.jpg', 'VP Quality Control', 'Outdoors', NULL, '1-(501)583-8851', '2184 Melby Crossing', NULL, 'Little Rock', 'Arkansas', '72222', 'United States', NULL, NULL, NULL, NULL, NULL),
	(209, 'user9', '68c9fc4c03dff5d734aab9787b5ea01d7d88aa85', 'Johnston', 'Tina', 1, 'tjohnston8@alexa.com', NULL, 'avatars/logo-nentang.jpg', 'Assistant Media Planner', 'Electronics', NULL, '1-(901)128-9976', '72 Hauk Road', NULL, 'Memphis', 'Tennessee', '38114', 'United States', NULL, NULL, NULL, NULL, NULL),
	(210, 'user10', '68c9fc4c03dff5d734aab9787b5ea01d7d88aa85', 'Burns', 'Lisa', 0, 'lburns9@taobao.com', NULL, 'avatars/logo-nentang.jpg', 'Operator', 'Industrial', NULL, '1-(585)113-8402', '99 Manufacturers Drive', NULL, 'Rochester', 'New York', '14624', 'United States', NULL, NULL, NULL, NULL, NULL),
	(211, 'user11', '68c9fc4c03dff5d734aab9787b5ea01d7d88aa85', 'Stone', 'Howard', 1, 'hstonea@ucsd.edu', NULL, 'avatars/logo-nentang.jpg', 'Account Executive', 'Electronics', NULL, '1-(202)958-2516', '03 Anthes Center', NULL, 'Washington', 'District of Columbia', '20425', 'United States', NULL, NULL, NULL, NULL, NULL),
	(212, 'user12', '68c9fc4c03dff5d734aab9787b5ea01d7d88aa85', 'Brown', 'Julie', 0, 'jbrownb@squidoo.com', NULL, 'avatars/logo-nentang.jpg', 'Analog Circuit Design manager', 'Electronics', NULL, '1-(217)741-6449', '37574 4th Drive', NULL, 'Springfield', 'Illinois', '62705', 'United States', NULL, NULL, NULL, NULL, NULL),
	(213, 'user13', '68c9fc4c03dff5d734aab9787b5ea01d7d88aa85', 'Turner', 'Edward', 0, 'eturnerc@theatlantic.com', NULL, 'avatars/logo-nentang.jpg', 'Structural Engineer', 'Computers', NULL, '1-(701)353-1996', '3 Bultman Circle', NULL, 'Fargo', 'North Dakota', '58122', 'United States', NULL, NULL, NULL, NULL, NULL),
	(214, 'user14', '68c9fc4c03dff5d734aab9787b5ea01d7d88aa85', 'Nichols', 'Douglas', 0, 'dnicholsd@fda.gov', NULL, 'avatars/logo-nentang.jpg', 'Editor', 'Outdoors', NULL, '1-(302)771-6486', '5150 Holmberg Way', NULL, 'Wilmington', 'Delaware', '19805', 'United States', NULL, NULL, NULL, NULL, NULL),
	(215, 'user15', '68c9fc4c03dff5d734aab9787b5ea01d7d88aa85', 'Gilbert', 'Jessica', 0, 'jgilberte@infoseek.co.jp', NULL, 'avatars/logo-nentang.jpg', 'Account Executive', 'Baby', NULL, '1-(320)607-0289', '32 Summit Park', NULL, 'Saint Cloud', 'Minnesota', '56372', 'United States', NULL, NULL, NULL, NULL, NULL),
	(216, 'user16', '68c9fc4c03dff5d734aab9787b5ea01d7d88aa85', 'Hernandez', 'Kathy', 1, 'khernandezf@shinystat.com', NULL, 'avatars/logo-nentang.jpg', 'Junior Executive', 'Movies', NULL, '1-(210)733-3380', '24 Merrick Way', NULL, 'San Antonio', 'Texas', '78225', 'United States', NULL, NULL, NULL, NULL, NULL),
	(217, 'user17', '68c9fc4c03dff5d734aab9787b5ea01d7d88aa85', 'Sullivan', 'Lillian', 0, 'lsullivang@flavors.me', NULL, 'avatars/logo-nentang.jpg', 'Engineer I', 'Sports', NULL, '1-(904)885-2053', '42 Manufacturers Pass', NULL, 'Jacksonville', 'Florida', '32215', 'United States', NULL, NULL, NULL, NULL, NULL),
	(218, 'user18', '68c9fc4c03dff5d734aab9787b5ea01d7d88aa85', 'Jenkins', 'Frances', 0, 'fjenkinsh@huffingtonpost.com', NULL, 'avatars/logo-nentang.jpg', 'Developer IV', 'Baby', NULL, '1-(512)764-3809', '69255 Dakota Plaza', NULL, 'Austin', 'Texas', '78769', 'United States', NULL, NULL, NULL, NULL, NULL),
	(219, 'user19', '68c9fc4c03dff5d734aab9787b5ea01d7d88aa85', 'Myers', 'Roger', 0, 'rmyersi@alexa.com', NULL, 'avatars/logo-nentang.jpg', 'Account Executive', 'Beauty', NULL, '1-(480)583-9583', '3 Eagle Crest Place', NULL, 'Gilbert', 'Arizona', '85297', 'United States', NULL, NULL, NULL, NULL, NULL),
	(220, 'user20', '68c9fc4c03dff5d734aab9787b5ea01d7d88aa85', 'Hunter', 'Bonnie', 1, 'bhunterj@ucsd.edu', NULL, 'avatars/logo-nentang.jpg', 'Analog Circuit Design manager', 'Baby', NULL, '1-(320)933-5140', '99 Arapahoe Terrace', NULL, 'Saint Cloud', 'Minnesota', '56372', 'United States', NULL, NULL, NULL, NULL, NULL);
/*!40000 ALTER TABLE `acl_users` ENABLE KEYS */;

-- Dumping structure for table netashop.shop_categories
CREATE TABLE IF NOT EXISTS `shop_categories` (
  `id` bigint(20) unsigned NOT NULL AUTO_INCREMENT,
  `category_code` varchar(50) COLLATE utf8mb4_unicode_ci NOT NULL COMMENT 'Mã chuyên mục',
  `category_name` varchar(500) COLLATE utf8mb4_unicode_ci NOT NULL COMMENT 'Tên chuyên mục',
  `description` text COLLATE utf8mb4_unicode_ci DEFAULT NULL COMMENT 'Diễn giải',
  `image` text COLLATE utf8mb4_unicode_ci DEFAULT NULL COMMENT 'Ảnh đại diện',
  `created_at` timestamp NULL DEFAULT NULL,
  `updated_at` timestamp NULL DEFAULT NULL,
  PRIMARY KEY (`id`),
  UNIQUE KEY `category_code` (`category_code`)
) ENGINE=InnoDB AUTO_INCREMENT=5 DEFAULT CHARSET=utf8mb4 COLLATE=utf8mb4_unicode_ci;

-- Dumping data for table netashop.shop_categories: ~4 rows (approximately)
/*!40000 ALTER TABLE `shop_categories` DISABLE KEYS */;
INSERT INTO `shop_categories` (`id`, `category_code`, `category_name`, `description`, `image`, `created_at`, `updated_at`) VALUES
	(1, 'CAT1', 'Laptop', 'All laptop products', 'categories/laptop_20200217170111.jpg', NULL, NULL),
	(2, 'CAT2', 'Phone', 'All phones', 'categories/phone_20200217170111.jpg', NULL, NULL),
	(3, 'CAT3', 'Camera', 'PhotographCamera', 'categories/camera_20200217170111.jpg', NULL, NULL),
	(4, 'CAT4', 'Tablet', 'Tablet', 'categories/tablet_20200217170111.jpg', NULL, NULL);
/*!40000 ALTER TABLE `shop_categories` ENABLE KEYS */;

-- Dumping structure for table netashop.shop_customers
CREATE TABLE IF NOT EXISTS `shop_customers` (
  `id` bigint(20) unsigned NOT NULL AUTO_INCREMENT,
  `username` varchar(255) COLLATE utf8mb4_unicode_ci NOT NULL COMMENT 'Tên đăng nhập',
  `password` varchar(500) COLLATE utf8mb4_unicode_ci NOT NULL COMMENT 'Mật khẩu (mặc định: customer@123)',
  `last_name` varchar(255) COLLATE utf8mb4_unicode_ci NOT NULL COMMENT 'Họ và tên lót',
  `first_name` varchar(255) COLLATE utf8mb4_unicode_ci NOT NULL COMMENT 'Tên',
  `gender` tinyint(4) NOT NULL DEFAULT 0 COMMENT 'Giới tính: #0: Nam; #1: Nữ',
  `email` varchar(191) COLLATE utf8mb4_unicode_ci NOT NULL COMMENT 'Email',
  `birthday` datetime DEFAULT NULL COMMENT 'Ngày sinh',
  `avatar` varchar(500) COLLATE utf8mb4_unicode_ci DEFAULT NULL COMMENT 'Ảnh đại diện',
  `company` varchar(255) COLLATE utf8mb4_unicode_ci DEFAULT NULL COMMENT 'Công ty',
  `phone` varchar(25) COLLATE utf8mb4_unicode_ci DEFAULT NULL COMMENT 'Số điện thoại',
  `billing_address` varchar(500) COLLATE utf8mb4_unicode_ci DEFAULT NULL COMMENT 'Địa chỉ Thanh toán',
  `shipping_address` varchar(500) COLLATE utf8mb4_unicode_ci DEFAULT NULL COMMENT 'Địa chỉ Giao hàng',
  `city` varchar(255) COLLATE utf8mb4_unicode_ci DEFAULT NULL COMMENT 'Thành phố',
  `state` varchar(255) COLLATE utf8mb4_unicode_ci DEFAULT NULL COMMENT 'Bang',
  `postal_code` varchar(15) COLLATE utf8mb4_unicode_ci DEFAULT NULL COMMENT 'Mã bưu chính',
  `country` varchar(255) COLLATE utf8mb4_unicode_ci DEFAULT NULL COMMENT 'Quốc gia',
  `remember_token` varchar(255) COLLATE utf8mb4_unicode_ci DEFAULT NULL COMMENT 'Token ghi nhớ đăng nhập',
  `active_code` varchar(255) COLLATE utf8mb4_unicode_ci DEFAULT NULL COMMENT 'Mã kích hoạt',
  `status` tinyint(4) DEFAULT NULL COMMENT 'Trạng thái: #0: chưa kích hoạt; #1: đã kích hoạt',
  `created_at` timestamp NULL DEFAULT NULL,
  `updated_at` timestamp NULL DEFAULT NULL,
  PRIMARY KEY (`id`),
  UNIQUE KEY `username` (`username`),
  UNIQUE KEY `email` (`email`)
) ENGINE=InnoDB AUTO_INCREMENT=101 DEFAULT CHARSET=utf8mb4 COLLATE=utf8mb4_unicode_ci;

-- Dumping data for table netashop.shop_customers: ~100 rows (approximately)
/*!40000 ALTER TABLE `shop_customers` DISABLE KEYS */;
INSERT INTO `shop_customers` (`id`, `username`, `password`, `last_name`, `first_name`, `gender`, `email`, `birthday`, `avatar`, `company`, `phone`, `billing_address`, `shipping_address`, `city`, `state`, `postal_code`, `country`, `remember_token`, `active_code`, `status`, `created_at`, `updated_at`) VALUES
	(1, 'customer1', 'dae9e9c1f4ce3b7289bf4114cde40bdbbd339f03', 'Kelly', 'Fire', 0, 'kellyfire611@gmail.com', NULL, 'customers/avatars/kellyfire_20200217161335.jpg', 'NenTang', '1-(260)601-5114', '02937 Merrick Avenue', NULL, 'Fort Wayne', 'Indiana', '46805', 'United States', NULL, NULL, NULL, NULL, NULL),
	(2, 'customer2', 'dae9e9c1f4ce3b7289bf4114cde40bdbbd339f03', 'Cooper', 'Emily', 0, 'ecooper1@macromedia.com', NULL, '', 'Skippad', '1-(251)614-5034', '60 Forster Crossing', NULL, 'Mobile', 'Alabama', '36605', 'United States', NULL, NULL, NULL, NULL, NULL),
	(3, 'customer3', 'dae9e9c1f4ce3b7289bf4114cde40bdbbd339f03', 'Wilson', 'George', 0, 'gwilson2@xinhuanet.com', NULL, '', 'Riffpath', '1-(901)445-9881', '52 Browning Center', NULL, 'Memphis', 'Tennessee', '38181', 'United States', NULL, NULL, NULL, NULL, NULL),
	(4, 'customer4', 'dae9e9c1f4ce3b7289bf4114cde40bdbbd339f03', 'Mcdonald', 'Michael', 0, 'mmcdonald3@twitter.com', NULL, '', 'Feedfire', '1-(419)743-7314', '85093 Jackson Park', NULL, 'Toledo', 'Ohio', '43610', 'United States', NULL, NULL, NULL, NULL, NULL),
	(5, 'customer5', 'dae9e9c1f4ce3b7289bf4114cde40bdbbd339f03', 'Tucker', 'Lori', 0, 'ltucker4@etsy.com', NULL, '', 'Oyondu', '1-(202)381-2663', '0706 Heffernan Pass', NULL, 'Washington', 'District of Columbia', '20380', 'United States', NULL, NULL, NULL, NULL, NULL),
	(6, 'customer6', 'dae9e9c1f4ce3b7289bf4114cde40bdbbd339f03', 'Hansen', 'Lois', 0, 'lhansen5@stumbleupon.com', NULL, '', 'Yozio', '1-(315)385-6866', '2 Ruskin Pass', NULL, 'Syracuse', 'New York', '13251', 'United States', NULL, NULL, NULL, NULL, NULL),
	(7, 'customer7', 'dae9e9c1f4ce3b7289bf4114cde40bdbbd339f03', 'Grant', 'Frances', 0, 'fgrant6@yale.edu', NULL, '', 'Eire', '1-(863)799-9068', '61402 Morning Court', NULL, 'Lakeland', 'Florida', '33811', 'United States', NULL, NULL, NULL, NULL, NULL),
	(8, 'customer8', 'dae9e9c1f4ce3b7289bf4114cde40bdbbd339f03', 'Lewis', 'Catherine', 1, 'clewis7@unesco.org', NULL, '', 'Realpoint', '1-(915)208-4997', '775 Messerschmidt Junction', NULL, 'El Paso', 'Texas', '88563', 'United States', NULL, NULL, NULL, NULL, NULL),
	(9, 'customer9', 'dae9e9c1f4ce3b7289bf4114cde40bdbbd339f03', 'Rogers', 'Edward', 0, 'erogers8@guardian.co.uk', NULL, '', 'Quinu', '1-(971)934-2404', '7074 Montana Place', NULL, 'Portland', 'Oregon', '97271', 'United States', NULL, NULL, NULL, NULL, NULL),
	(10, 'customer10', 'dae9e9c1f4ce3b7289bf4114cde40bdbbd339f03', 'Owens', 'Tina', 0, 'towens9@earthlink.net', NULL, '', 'Blogtag', '1-(712)989-9002', '59039 Sachtjen Street', NULL, 'Sioux City', 'Iowa', '51105', 'United States', NULL, NULL, NULL, NULL, NULL),
	(11, 'customer11', 'dae9e9c1f4ce3b7289bf4114cde40bdbbd339f03', 'Peterson', 'Fred', 1, 'fpetersona@home.pl', NULL, '', 'Meedoo', '1-(202)228-9380', '55 Knutson Street', NULL, 'Washington', 'District of Columbia', '20099', 'United States', NULL, NULL, NULL, NULL, NULL),
	(12, 'customer12', 'dae9e9c1f4ce3b7289bf4114cde40bdbbd339f03', 'Cox', 'Jason', 0, 'jcoxb@slashdot.org', NULL, '', 'Tagcat', '1-(651)991-0172', '19 Hoffman Avenue', NULL, 'Saint Paul', 'Minnesota', '55114', 'United States', NULL, NULL, NULL, NULL, NULL),
	(13, 'customer13', 'dae9e9c1f4ce3b7289bf4114cde40bdbbd339f03', 'Perez', 'Paul', 0, 'pperezc@ask.com', NULL, '', 'Kazu', '1-(405)290-7944', '6336 Continental Circle', NULL, 'Oklahoma City', 'Oklahoma', '73167', 'United States', NULL, NULL, NULL, NULL, NULL),
	(14, 'customer14', 'dae9e9c1f4ce3b7289bf4114cde40bdbbd339f03', 'Duncan', 'Anthony', 0, 'aduncand@disqus.com', NULL, '', 'Aibox', '1-(727)705-8400', '17794 Northport Point', NULL, 'Clearwater', 'Florida', '33763', 'United States', NULL, NULL, NULL, NULL, NULL),
	(15, 'customer15', 'dae9e9c1f4ce3b7289bf4114cde40bdbbd339f03', 'Graham', 'Sean', 0, 'sgrahame@google.com.br', NULL, '', 'Tekfly', '1-(901)443-0731', '47493 Reinke Drive', NULL, 'Memphis', 'Tennessee', '38131', 'United States', NULL, NULL, NULL, NULL, NULL),
	(16, 'customer16', 'dae9e9c1f4ce3b7289bf4114cde40bdbbd339f03', 'Simpson', 'Jose', 0, 'jsimpsonf@youtube.com', NULL, '', 'Youspan', '1-(518)381-4659', '498 Carey Lane', NULL, 'Albany', 'New York', '12262', 'United States', NULL, NULL, NULL, NULL, NULL),
	(17, 'customer17', 'dae9e9c1f4ce3b7289bf4114cde40bdbbd339f03', 'Simmons', 'Frances', 0, 'fsimmonsg@merriam-webster.com', NULL, '', 'Feednation', '1-(251)473-1327', '44102 Montana Crossing', NULL, 'Mobile', 'Alabama', '36641', 'United States', NULL, NULL, NULL, NULL, NULL),
	(18, 'customer18', 'dae9e9c1f4ce3b7289bf4114cde40bdbbd339f03', 'Schmidt', 'John', 1, 'jschmidth@vinaora.com', NULL, '', 'Topicblab', '1-(202)945-2079', '384 Goodland Pass', NULL, 'Washington', 'District of Columbia', '20210', 'United States', NULL, NULL, NULL, NULL, NULL),
	(19, 'customer19', 'dae9e9c1f4ce3b7289bf4114cde40bdbbd339f03', 'West', 'Roger', 0, 'rwesti@cornell.edu', NULL, '', 'Skilith', '1-(716)707-3907', '74 Nancy Pass', NULL, 'Buffalo', 'New York', '14215', 'United States', NULL, NULL, NULL, NULL, NULL),
	(20, 'customer20', 'dae9e9c1f4ce3b7289bf4114cde40bdbbd339f03', 'Fields', 'Jesse', 0, 'jfieldsj@shop-pro.jp', NULL, '', 'Vinte', '1-(617)810-9493', '602 Laurel Park', NULL, 'Boston', 'Massachusetts', '02203', 'United States', NULL, NULL, NULL, NULL, NULL),
	(21, 'customer21', 'dae9e9c1f4ce3b7289bf4114cde40bdbbd339f03', 'Patterson', 'Kathy', 0, 'kpattersonk@simplemachines.org', NULL, '', 'Brainverse', '1-(806)803-9725', '67063 Spenser Junction', NULL, 'Amarillo', 'Texas', '79188', 'United States', NULL, NULL, NULL, NULL, NULL),
	(22, 'customer22', 'dae9e9c1f4ce3b7289bf4114cde40bdbbd339f03', 'Bell', 'Stephanie', 1, 'sbelll@gravatar.com', NULL, '', 'DabZ', '1-(801)924-1975', '05 Gina Crossing', NULL, 'Salt Lake City', 'Utah', '84145', 'United States', NULL, NULL, NULL, NULL, NULL),
	(23, 'customer23', 'dae9e9c1f4ce3b7289bf4114cde40bdbbd339f03', 'Turner', 'Martha', 0, 'mturnerm@hp.com', NULL, '', 'Yadel', '1-(225)880-9134', '97789 Scofield Point', NULL, 'Baton Rouge', 'Louisiana', '70894', 'United States', NULL, NULL, NULL, NULL, NULL),
	(24, 'customer24', 'dae9e9c1f4ce3b7289bf4114cde40bdbbd339f03', 'Ross', 'Richard', 0, 'rrossn@weebly.com', NULL, '', 'Voolith', '1-(415)690-1916', '19 Briar Crest Alley', NULL, 'San Francisco', 'California', '94164', 'United States', NULL, NULL, NULL, NULL, NULL),
	(25, 'customer25', 'dae9e9c1f4ce3b7289bf4114cde40bdbbd339f03', 'Stephens', 'Stephanie', 0, 'sstephenso@timesonline.co.uk', NULL, '', 'BlogXS', '1-(501)827-1408', '63291 Huxley Drive', NULL, 'North Little Rock', 'Arkansas', '72118', 'United States', NULL, NULL, NULL, NULL, NULL),
	(26, 'customer26', 'dae9e9c1f4ce3b7289bf4114cde40bdbbd339f03', 'Sanchez', 'Diane', 0, 'dsanchezp@sun.com', NULL, '', 'Tagtune', '1-(315)979-6793', '13 Oneill Junction', NULL, 'Syracuse', 'New York', '13224', 'United States', NULL, NULL, NULL, NULL, NULL),
	(27, 'customer27', 'dae9e9c1f4ce3b7289bf4114cde40bdbbd339f03', 'Lawrence', 'Douglas', 0, 'dlawrenceq@flickr.com', NULL, '', 'Browsetype', '1-(610)622-4045', '83224 Mallard Center', NULL, 'Philadelphia', 'Pennsylvania', '19109', 'United States', NULL, NULL, NULL, NULL, NULL),
	(28, 'customer28', 'dae9e9c1f4ce3b7289bf4114cde40bdbbd339f03', 'Hansen', 'Lori', 0, 'lhansenr@patch.com', NULL, '', 'Einti', '1-(915)266-1989', '48410 Westport Circle', NULL, 'El Paso', 'Texas', '88546', 'United States', NULL, NULL, NULL, NULL, NULL),
	(29, 'customer29', 'dae9e9c1f4ce3b7289bf4114cde40bdbbd339f03', 'Medina', 'Robert', 0, 'rmedinas@uiuc.edu', NULL, '', 'Tambee', '1-(216)752-7216', '0562 Muir Trail', NULL, 'Cleveland', 'Ohio', '44197', 'United States', NULL, NULL, NULL, NULL, NULL),
	(30, 'customer30', 'dae9e9c1f4ce3b7289bf4114cde40bdbbd339f03', 'Harrison', 'Shawn', 0, 'sharrisont@webnode.com', NULL, '', 'Youopia', '1-(205)595-8085', '20 Mayer Center', NULL, 'Birmingham', 'Alabama', '35205', 'United States', NULL, NULL, NULL, NULL, NULL),
	(31, 'customer31', 'dae9e9c1f4ce3b7289bf4114cde40bdbbd339f03', 'Alexander', 'Julia', 0, 'jalexanderu@networksolutions.com', NULL, '', 'Oodoo', '1-(864)349-2185', '61859 West Point', NULL, 'Greenville', 'South Carolina', '29610', 'United States', NULL, NULL, NULL, NULL, NULL),
	(32, 'customer32', 'dae9e9c1f4ce3b7289bf4114cde40bdbbd339f03', 'Stanley', 'Victor', 0, 'vstanleyv@wikipedia.org', NULL, '', 'Centimia', '1-(561)507-7317', '08229 Glacier Hill Avenue', NULL, 'Boynton Beach', 'Florida', '33436', 'United States', NULL, NULL, NULL, NULL, NULL),
	(33, 'customer33', 'dae9e9c1f4ce3b7289bf4114cde40bdbbd339f03', 'Wheeler', 'Dennis', 0, 'dwheelerw@indiatimes.com', NULL, '', 'Dynabox', '1-(419)889-2883', '409 American Ash Plaza', NULL, 'Lima', 'Ohio', '45807', 'United States', NULL, NULL, NULL, NULL, NULL),
	(34, 'customer34', 'dae9e9c1f4ce3b7289bf4114cde40bdbbd339f03', 'Frazier', 'Rachel', 0, 'rfrazierx@sfgate.com', NULL, '', 'Skivee', '1-(314)249-1796', '7 Waxwing Court', NULL, 'Saint Louis', 'Missouri', '63131', 'United States', NULL, NULL, NULL, NULL, NULL),
	(35, 'customer35', 'dae9e9c1f4ce3b7289bf4114cde40bdbbd339f03', 'Brooks', 'Shawn', 1, 'sbrooksy@mediafire.com', NULL, '', 'Omba', '1-(971)854-8478', '614 Monica Terrace', NULL, 'Portland', 'Oregon', '97240', 'United States', NULL, NULL, NULL, NULL, NULL),
	(36, 'customer36', 'dae9e9c1f4ce3b7289bf4114cde40bdbbd339f03', 'Coleman', 'Frank', 0, 'fcolemanz@un.org', NULL, '', 'Agimba', '1-(318)446-4337', '4 Browning Park', NULL, 'Shreveport', 'Louisiana', '71151', 'United States', NULL, NULL, NULL, NULL, NULL),
	(37, 'customer37', 'dae9e9c1f4ce3b7289bf4114cde40bdbbd339f03', 'Wright', 'Frank', 0, 'fwright10@flickr.com', NULL, '', 'Meedoo', '1-(504)852-2553', '03446 Sheridan Trail', NULL, 'New Orleans', 'Louisiana', '70183', 'United States', NULL, NULL, NULL, NULL, NULL),
	(38, 'customer38', 'dae9e9c1f4ce3b7289bf4114cde40bdbbd339f03', 'Perkins', 'Tina', 0, 'tperkins11@va.gov', NULL, '', 'Rhybox', '1-(571)497-0755', '62 Grayhawk Lane', NULL, 'Fairfax', 'Virginia', '22036', 'United States', NULL, NULL, NULL, NULL, NULL),
	(39, 'customer39', 'dae9e9c1f4ce3b7289bf4114cde40bdbbd339f03', 'Griffin', 'Ruth', 0, 'rgriffin12@pcworld.com', NULL, '', 'Trudoo', '1-(504)312-7448', '29701 Jenifer Junction', NULL, 'Metairie', 'Louisiana', '70033', 'United States', NULL, NULL, NULL, NULL, NULL),
	(40, 'customer40', 'dae9e9c1f4ce3b7289bf4114cde40bdbbd339f03', 'Sanchez', 'Sean', 0, 'ssanchez13@bandcamp.com', NULL, '', 'Chatterpoint', '1-(316)535-7647', '10 Stuart Road', NULL, 'Wichita', 'Kansas', '67260', 'United States', NULL, NULL, NULL, NULL, NULL),
	(41, 'customer41', 'dae9e9c1f4ce3b7289bf4114cde40bdbbd339f03', 'Harris', 'Linda', 0, 'lharris14@ask.com', NULL, '', 'Blogpad', '1-(913)258-6547', '17635 Elka Alley', NULL, 'Shawnee Mission', 'Kansas', '66205', 'United States', NULL, NULL, NULL, NULL, NULL),
	(42, 'customer42', 'dae9e9c1f4ce3b7289bf4114cde40bdbbd339f03', 'Wood', 'George', 0, 'gwood15@imdb.com', NULL, '', 'Feednation', '1-(865)482-7169', '210 Anhalt Drive', NULL, 'Knoxville', 'Tennessee', '37924', 'United States', NULL, NULL, NULL, NULL, NULL),
	(43, 'customer43', 'dae9e9c1f4ce3b7289bf4114cde40bdbbd339f03', 'Bennett', 'Nancy', 1, 'nbennett16@networksolutions.com', NULL, '', 'Yodo', '1-(210)749-3167', '97861 Harper Pass', NULL, 'San Antonio', 'Texas', '78260', 'United States', NULL, NULL, NULL, NULL, NULL),
	(44, 'customer44', 'dae9e9c1f4ce3b7289bf4114cde40bdbbd339f03', 'Pierce', 'Jesse', 0, 'jpierce17@cyberchimps.com', NULL, '', 'Divanoodle', '1-(501)518-2300', '0 Columbus Terrace', NULL, 'Little Rock', 'Arkansas', '72231', 'United States', NULL, NULL, NULL, NULL, NULL),
	(45, 'customer45', 'dae9e9c1f4ce3b7289bf4114cde40bdbbd339f03', 'Larson', 'Jerry', 0, 'jlarson18@ustream.tv', NULL, '', 'Kazu', '1-(916)702-0977', '0422 Merry Court', NULL, 'Sacramento', 'California', '95852', 'United States', NULL, NULL, NULL, NULL, NULL),
	(46, 'customer46', 'dae9e9c1f4ce3b7289bf4114cde40bdbbd339f03', 'Williams', 'Norma', 0, 'nwilliams19@spiegel.de', NULL, '', 'Yacero', '1-(562)631-4036', '5779 Burning Wood Crossing', NULL, 'Long Beach', 'California', '90847', 'United States', NULL, NULL, NULL, NULL, NULL),
	(47, 'customer47', 'dae9e9c1f4ce3b7289bf4114cde40bdbbd339f03', 'Kelley', 'Louis', 0, 'lkelley1a@wsj.com', NULL, '', 'Linkbuzz', '1-(432)286-2200', '04321 Northport Pass', NULL, 'Odessa', 'Texas', '79764', 'United States', NULL, NULL, NULL, NULL, NULL),
	(48, 'customer48', 'dae9e9c1f4ce3b7289bf4114cde40bdbbd339f03', 'Mason', 'Ruby', 0, 'rmason1b@census.gov', NULL, '', 'Trudeo', '1-(763)835-7627', '99219 5th Place', NULL, 'Monticello', 'Minnesota', '55565', 'United States', NULL, NULL, NULL, NULL, NULL),
	(49, 'customer49', 'dae9e9c1f4ce3b7289bf4114cde40bdbbd339f03', 'Carr', 'Nicole', 0, 'ncarr1c@yellowbook.com', NULL, '', 'Plajo', '1-(330)154-9245', '41 Monica Parkway', NULL, 'Youngstown', 'Ohio', '44511', 'United States', NULL, NULL, NULL, NULL, NULL),
	(50, 'customer50', 'dae9e9c1f4ce3b7289bf4114cde40bdbbd339f03', 'Franklin', 'Michelle', 1, 'mfranklin1d@ucoz.com', NULL, '', 'Wikivu', '1-(405)751-8906', '62 Rutledge Alley', NULL, 'Oklahoma City', 'Oklahoma', '73147', 'United States', NULL, NULL, NULL, NULL, NULL),
	(51, 'customer51', 'dae9e9c1f4ce3b7289bf4114cde40bdbbd339f03', 'Hawkins', 'Larry', 0, 'lhawkins1e@typepad.com', NULL, '', 'Tagpad', '1-(240)796-9270', '48 Columbus Road', NULL, 'Hagerstown', 'Maryland', '21747', 'United States', NULL, NULL, NULL, NULL, NULL),
	(52, 'customer52', 'dae9e9c1f4ce3b7289bf4114cde40bdbbd339f03', 'Adams', 'Lillian', 0, 'ladams1f@smugmug.com', NULL, '', 'Avamm', '1-(419)394-2363', '69708 West Avenue', NULL, 'Toledo', 'Ohio', '43605', 'United States', NULL, NULL, NULL, NULL, NULL),
	(53, 'customer53', 'dae9e9c1f4ce3b7289bf4114cde40bdbbd339f03', 'Williamson', 'Janice', 0, 'jwilliamson1g@sbwire.com', NULL, '', 'Wordware', '1-(212)576-0309', '311 Clemons Crossing', NULL, 'New York City', 'New York', '10090', 'United States', NULL, NULL, NULL, NULL, NULL),
	(54, 'customer54', 'dae9e9c1f4ce3b7289bf4114cde40bdbbd339f03', 'Mitchell', 'Lisa', 1, 'lmitchell1h@live.com', NULL, '', 'Trudoo', '1-(225)794-6979', '17242 Eagan Terrace', NULL, 'Baton Rouge', 'Louisiana', '70820', 'United States', NULL, NULL, NULL, NULL, NULL),
	(55, 'customer55', 'dae9e9c1f4ce3b7289bf4114cde40bdbbd339f03', 'Lawrence', 'Anna', 0, 'alawrence1i@list-manage.com', NULL, '', 'Pixope', '1-(818)505-8262', '51241 Tennessee Point', NULL, 'Santa Monica', 'California', '90405', 'United States', NULL, NULL, NULL, NULL, NULL),
	(56, 'customer56', 'dae9e9c1f4ce3b7289bf4114cde40bdbbd339f03', 'Scott', 'Margaret', 0, 'mscott1j@arizona.edu', NULL, '', 'Mynte', '1-(202)265-0994', '117 Arapahoe Crossing', NULL, 'Washington', 'District of Columbia', '20051', 'United States', NULL, NULL, NULL, NULL, NULL),
	(57, 'customer57', 'dae9e9c1f4ce3b7289bf4114cde40bdbbd339f03', 'Harper', 'Timothy', 0, 'tharper1k@loc.gov', NULL, '', 'Trudoo', '1-(212)348-5025', '137 Commercial Court', NULL, 'New York City', 'New York', '10175', 'United States', NULL, NULL, NULL, NULL, NULL),
	(58, 'customer58', 'dae9e9c1f4ce3b7289bf4114cde40bdbbd339f03', 'Frazier', 'Mary', 0, 'mfrazier1l@mapy.cz', NULL, '', 'Photobug', '1-(214)939-0299', '281 Briar Crest Way', NULL, 'Garland', 'Texas', '75049', 'United States', NULL, NULL, NULL, NULL, NULL),
	(59, 'customer59', 'dae9e9c1f4ce3b7289bf4114cde40bdbbd339f03', 'Young', 'Margaret', 0, 'myoung1m@ehow.com', NULL, '', 'Realmix', '1-(318)144-2666', '537 Memorial Way', NULL, 'Shreveport', 'Louisiana', '71105', 'United States', NULL, NULL, NULL, NULL, NULL),
	(60, 'customer60', 'dae9e9c1f4ce3b7289bf4114cde40bdbbd339f03', 'Sullivan', 'Phyllis', 0, 'psullivan1n@jiathis.com', NULL, '', 'Demivee', '1-(518)361-7505', '117 Onsgard Crossing', NULL, 'Albany', 'New York', '12227', 'United States', NULL, NULL, NULL, NULL, NULL),
	(61, 'customer61', 'dae9e9c1f4ce3b7289bf4114cde40bdbbd339f03', 'Knight', 'Roy', 0, 'rknight1o@qq.com', NULL, '', 'Meezzy', '1-(478)438-2599', '60 Kinsman Drive', NULL, 'Macon', 'Georgia', '31210', 'United States', NULL, NULL, NULL, NULL, NULL),
	(62, 'customer62', 'dae9e9c1f4ce3b7289bf4114cde40bdbbd339f03', 'Ruiz', 'Andrea', 0, 'aruiz1p@domainmarket.com', NULL, '', 'Fivespan', '1-(415)374-7204', '55455 Heffernan Plaza', NULL, 'San Francisco', 'California', '94142', 'United States', NULL, NULL, NULL, NULL, NULL),
	(63, 'customer63', 'dae9e9c1f4ce3b7289bf4114cde40bdbbd339f03', 'Hayes', 'Heather', 0, 'hhayes1q@odnoklassniki.ru', NULL, '', 'Twitternation', '1-(601)919-6350', '31 Banding Plaza', NULL, 'Jackson', 'Mississippi', '39296', 'United States', NULL, NULL, NULL, NULL, NULL),
	(64, 'customer64', 'dae9e9c1f4ce3b7289bf4114cde40bdbbd339f03', 'Chapman', 'Roy', 0, 'rchapman1r@theguardian.com', NULL, '', 'BlogXS', '1-(941)329-4488', '27487 Fair Oaks Crossing', NULL, 'Sarasota', 'Florida', '34233', 'United States', NULL, NULL, NULL, NULL, NULL),
	(65, 'customer65', 'dae9e9c1f4ce3b7289bf4114cde40bdbbd339f03', 'Moore', 'Daniel', 0, 'dmoore1s@google.co.uk', NULL, '', 'Twitterbridge', '1-(408)838-8747', '52377 Everett Court', NULL, 'San Jose', 'California', '95194', 'United States', NULL, NULL, NULL, NULL, NULL),
	(66, 'customer66', 'dae9e9c1f4ce3b7289bf4114cde40bdbbd339f03', 'Day', 'Amy', 0, 'aday1t@indiegogo.com', NULL, '', 'Brainverse', '1-(336)903-6679', '50107 Northport Circle', NULL, 'Winston Salem', 'North Carolina', '27157', 'United States', NULL, NULL, NULL, NULL, NULL),
	(67, 'customer67', 'dae9e9c1f4ce3b7289bf4114cde40bdbbd339f03', 'Kelley', 'Jesse', 0, 'jkelley1u@who.int', NULL, '', 'Zoomzone', '1-(304)183-6041', '31740 Bayside Trail', NULL, 'Huntington', 'West Virginia', '25711', 'United States', NULL, NULL, NULL, NULL, NULL),
	(68, 'customer68', 'dae9e9c1f4ce3b7289bf4114cde40bdbbd339f03', 'Andrews', 'Andrea', 0, 'aandrews1v@patch.com', NULL, '', 'Fanoodle', '1-(206)996-3516', '544 Lakewood Gardens Alley', NULL, 'Seattle', 'Washington', '98148', 'United States', NULL, NULL, NULL, NULL, NULL),
	(69, 'customer69', 'dae9e9c1f4ce3b7289bf4114cde40bdbbd339f03', 'Willis', 'Robert', 1, 'rwillis1w@si.edu', NULL, '', 'Tazz', '1-(678)738-3382', '0998 Bellgrove Circle', NULL, 'Duluth', 'Georgia', '30195', 'United States', NULL, NULL, NULL, NULL, NULL),
	(70, 'customer70', 'dae9e9c1f4ce3b7289bf4114cde40bdbbd339f03', 'Reid', 'Daniel', 0, 'dreid1x@miitbeian.gov.cn', NULL, '', 'Babbleblab', '1-(786)539-0220', '2 New Castle Avenue', NULL, 'Miami', 'Florida', '33111', 'United States', NULL, NULL, NULL, NULL, NULL),
	(71, 'customer71', 'dae9e9c1f4ce3b7289bf4114cde40bdbbd339f03', 'Roberts', 'Louise', 0, 'lroberts1y@cpanel.net', NULL, '', 'Skippad', '1-(316)418-5043', '598 Mayfield Road', NULL, 'Wichita', 'Kansas', '67210', 'United States', NULL, NULL, NULL, NULL, NULL),
	(72, 'customer72', 'dae9e9c1f4ce3b7289bf4114cde40bdbbd339f03', 'Harrison', 'Margaret', 0, 'mharrison1z@biglobe.ne.jp', NULL, '', 'Zoovu', '1-(775)625-5357', '636 Maple Point', NULL, 'Reno', 'Nevada', '89550', 'United States', NULL, NULL, NULL, NULL, NULL),
	(73, 'customer73', 'dae9e9c1f4ce3b7289bf4114cde40bdbbd339f03', 'Chapman', 'Peter', 1, 'pchapman20@eventbrite.com', NULL, '', 'Linkbuzz', '1-(574)707-4449', '1 Vermont Plaza', NULL, 'South Bend', 'Indiana', '46620', 'United States', NULL, NULL, NULL, NULL, NULL),
	(74, 'customer74', 'dae9e9c1f4ce3b7289bf4114cde40bdbbd339f03', 'Tucker', 'Willie', 0, 'wtucker21@hubpages.com', NULL, '', 'Eazzy', '1-(814)593-2963', '3 Dryden Trail', NULL, 'Erie', 'Pennsylvania', '16505', 'United States', NULL, NULL, NULL, NULL, NULL),
	(75, 'customer75', 'dae9e9c1f4ce3b7289bf4114cde40bdbbd339f03', 'Bradley', 'Adam', 0, 'abradley22@cnet.com', NULL, '', 'Yabox', '1-(903)334-0845', '15 Veith Center', NULL, 'Tyler', 'Texas', '75705', 'United States', NULL, NULL, NULL, NULL, NULL),
	(76, 'customer76', 'dae9e9c1f4ce3b7289bf4114cde40bdbbd339f03', 'Armstrong', 'Juan', 0, 'jarmstrong23@archive.org', NULL, '', 'Gevee', '1-(916)285-8157', '95 Claremont Crossing', NULL, 'Sacramento', 'California', '95865', 'United States', NULL, NULL, NULL, NULL, NULL),
	(77, 'customer77', 'dae9e9c1f4ce3b7289bf4114cde40bdbbd339f03', 'Payne', 'Kenneth', 1, 'kpayne24@com.com', NULL, '', 'Skinte', '1-(770)150-8423', '75 Beilfuss Court', NULL, 'Alpharetta', 'Georgia', '30022', 'United States', NULL, NULL, NULL, NULL, NULL),
	(78, 'customer78', 'dae9e9c1f4ce3b7289bf4114cde40bdbbd339f03', 'Jacobs', 'Louis', 0, 'ljacobs25@intel.com', NULL, '', 'Photolist', '1-(404)386-3449', '542 Browning Park', NULL, 'Atlanta', 'Georgia', '30343', 'United States', NULL, NULL, NULL, NULL, NULL),
	(79, 'customer79', 'dae9e9c1f4ce3b7289bf4114cde40bdbbd339f03', 'Cooper', 'Marilyn', 0, 'mcooper26@whitehouse.gov', NULL, '', 'Yotz', '1-(520)875-3539', '03 Transport Point', NULL, 'Tucson', 'Arizona', '85710', 'United States', NULL, NULL, NULL, NULL, NULL),
	(80, 'customer80', 'dae9e9c1f4ce3b7289bf4114cde40bdbbd339f03', 'Watkins', 'William', 0, 'wwatkins27@pbs.org', NULL, '', 'Brightbean', '1-(719)568-3678', '0316 La Follette Drive', NULL, 'Colorado Springs', 'Colorado', '80920', 'United States', NULL, NULL, NULL, NULL, NULL),
	(81, 'customer81', 'dae9e9c1f4ce3b7289bf4114cde40bdbbd339f03', 'Baker', 'Douglas', 0, 'dbaker28@exblog.jp', NULL, '', 'Voonix', '1-(619)121-6070', '99 Kedzie Terrace', NULL, 'Chula Vista', 'California', '91913', 'United States', NULL, NULL, NULL, NULL, NULL),
	(82, 'customer82', 'dae9e9c1f4ce3b7289bf4114cde40bdbbd339f03', 'Cunningham', 'Daniel', 0, 'dcunningham29@oakley.com', NULL, '', 'Leexo', '1-(619)609-6206', '53540 Hallows Place', NULL, 'San Diego', 'California', '92137', 'United States', NULL, NULL, NULL, NULL, NULL),
	(83, 'customer83', 'dae9e9c1f4ce3b7289bf4114cde40bdbbd339f03', 'Mitchell', 'Edward', 0, 'emitchell2a@amazon.com', NULL, '', 'Jatri', '1-(502)427-5275', '3 Jana Junction', NULL, 'Louisville', 'Kentucky', '40280', 'United States', NULL, NULL, NULL, NULL, NULL),
	(84, 'customer84', 'dae9e9c1f4ce3b7289bf4114cde40bdbbd339f03', 'Matthews', 'Adam', 1, 'amatthews2b@live.com', NULL, '', 'Muxo', '1-(316)764-9074', '5 Arapahoe Plaza', NULL, 'Wichita', 'Kansas', '67220', 'United States', NULL, NULL, NULL, NULL, NULL),
	(85, 'customer85', 'dae9e9c1f4ce3b7289bf4114cde40bdbbd339f03', 'Jacobs', 'Diane', 0, 'djacobs2c@jimdo.com', NULL, '', 'Youspan', '1-(804)398-4775', '6 Moose Street', NULL, 'Richmond', 'Virginia', '23285', 'United States', NULL, NULL, NULL, NULL, NULL),
	(86, 'customer86', 'dae9e9c1f4ce3b7289bf4114cde40bdbbd339f03', 'Frazier', 'Mary', 0, 'mfrazier2d@forbes.com', NULL, '', 'Zoomdog', '1-(716)502-4243', '713 Continental Trail', NULL, 'Buffalo', 'New York', '14210', 'United States', NULL, NULL, NULL, NULL, NULL),
	(87, 'customer87', 'dae9e9c1f4ce3b7289bf4114cde40bdbbd339f03', 'Howard', 'Anthony', 0, 'ahoward2e@disqus.com', NULL, '', 'Katz', '1-(805)800-7968', '006 Elka Center', NULL, 'Bakersfield', 'California', '93311', 'United States', NULL, NULL, NULL, NULL, NULL),
	(88, 'customer88', 'dae9e9c1f4ce3b7289bf4114cde40bdbbd339f03', 'Kelly', 'Anna', 0, 'akelly2f@unc.edu', NULL, '', 'Trilia', '1-(804)117-9707', '292 Browning Circle', NULL, 'Richmond', 'Virginia', '23228', 'United States', NULL, NULL, NULL, NULL, NULL),
	(89, 'customer89', 'dae9e9c1f4ce3b7289bf4114cde40bdbbd339f03', 'Clark', 'Kathy', 0, 'kclark2g@businesswire.com', NULL, '', 'Gigabox', '1-(831)755-4869', '45 Walton Parkway', NULL, 'Salinas', 'California', '93907', 'United States', NULL, NULL, NULL, NULL, NULL),
	(90, 'customer90', 'dae9e9c1f4ce3b7289bf4114cde40bdbbd339f03', 'Carpenter', 'Gerald', 1, 'gcarpenter2h@foxnews.com', NULL, '', 'Yakidoo', '1-(213)344-9608', '84560 Stephen Parkway', NULL, 'Los Angeles', 'California', '90055', 'United States', NULL, NULL, NULL, NULL, NULL),
	(91, 'customer91', 'dae9e9c1f4ce3b7289bf4114cde40bdbbd339f03', 'Hart', 'Albert', 0, 'ahart2i@scribd.com', NULL, '', 'Jaloo', '1-(415)201-5281', '0 Washington Place', NULL, 'Oakland', 'California', '94611', 'United States', NULL, NULL, NULL, NULL, NULL),
	(92, 'customer92', 'dae9e9c1f4ce3b7289bf4114cde40bdbbd339f03', 'Young', 'Julia', 0, 'jyoung2j@craigslist.org', NULL, '', 'Oloo', '1-(601)660-1203', '0623 Gale Drive', NULL, 'Jackson', 'Mississippi', '39210', 'United States', NULL, NULL, NULL, NULL, NULL),
	(93, 'customer93', 'dae9e9c1f4ce3b7289bf4114cde40bdbbd339f03', 'Pierce', 'Tammy', 0, 'tpierce2k@psu.edu', NULL, '', 'Ntags', '1-(703)772-3155', '501 Leroy Parkway', NULL, 'Washington', 'District of Columbia', '20041', 'United States', NULL, NULL, NULL, NULL, NULL),
	(94, 'customer94', 'dae9e9c1f4ce3b7289bf4114cde40bdbbd339f03', 'Washington', 'Ronald', 0, 'rwashington2l@drupal.org', NULL, '', 'Livetube', '1-(202)828-6093', '6220 Del Sol Alley', NULL, 'Washington', 'District of Columbia', '20551', 'United States', NULL, NULL, NULL, NULL, NULL),
	(95, 'customer95', 'dae9e9c1f4ce3b7289bf4114cde40bdbbd339f03', 'Carter', 'Alan', 1, 'acarter2m@simplemachines.org', NULL, '', 'Centizu', '1-(952)234-1678', '043 Sunnyside Center', NULL, 'Young America', 'Minnesota', '55551', 'United States', NULL, NULL, NULL, NULL, NULL),
	(96, 'customer96', 'dae9e9c1f4ce3b7289bf4114cde40bdbbd339f03', 'Freeman', 'Stephanie', 0, 'sfreeman2n@redcross.org', NULL, '', 'Feednation', '1-(504)126-8245', '1120 Veith Parkway', NULL, 'New Orleans', 'Louisiana', '70165', 'United States', NULL, NULL, NULL, NULL, NULL),
	(97, 'customer97', 'dae9e9c1f4ce3b7289bf4114cde40bdbbd339f03', 'Price', 'Sara', 0, 'sprice2o@irs.gov', NULL, '', 'Izio', '1-(415)668-5714', '96394 Bonner Hill', NULL, 'San Francisco', 'California', '94116', 'United States', NULL, NULL, NULL, NULL, NULL),
	(98, 'customer98', 'dae9e9c1f4ce3b7289bf4114cde40bdbbd339f03', 'Parker', 'Emily', 0, 'eparker2p@4shared.com', NULL, '', 'Skalith', '1-(330)637-4894', '0 Old Shore Center', NULL, 'Akron', 'Ohio', '44310', 'United States', NULL, NULL, NULL, NULL, NULL),
	(99, 'customer99', 'dae9e9c1f4ce3b7289bf4114cde40bdbbd339f03', 'Chavez', 'Jeremy', 0, 'jchavez2q@businessweek.com', NULL, '', 'Topicware', '1-(515)769-2045', '8584 Jay Street', NULL, 'Des Moines', 'Iowa', '50335', 'United States', NULL, NULL, NULL, NULL, NULL),
	(100, 'customer100', 'dae9e9c1f4ce3b7289bf4114cde40bdbbd339f03', 'Kim', 'Pamela', 0, 'pkim2r@stumbleupon.com', NULL, '', 'Photolist', '1-(510)144-4318', '3688 Gerald Trail', NULL, 'Sacramento', 'California', '95823', 'United States', NULL, NULL, NULL, NULL, NULL);
/*!40000 ALTER TABLE `shop_customers` ENABLE KEYS */;

-- Dumping structure for table netashop.shop_customer_vouchers
CREATE TABLE IF NOT EXISTS `shop_customer_vouchers` (
  `customer_id` bigint(20) unsigned NOT NULL COMMENT 'Khách hàng nào?',
  `voucher_id` bigint(20) unsigned NOT NULL COMMENT 'Voucher nào áp dụng?',
  `created_at` timestamp NULL DEFAULT NULL,
  `updated_at` timestamp NULL DEFAULT NULL,
  UNIQUE KEY `customer_id_voucher_id` (`customer_id`,`voucher_id`),
  KEY `FK_shop_customer_vouchers_shop_vouchers` (`voucher_id`),
  CONSTRAINT `FK_shop_customer_vouchers_shop_customers` FOREIGN KEY (`customer_id`) REFERENCES `shop_customers` (`id`),
  CONSTRAINT `FK_shop_customer_vouchers_shop_vouchers` FOREIGN KEY (`voucher_id`) REFERENCES `shop_vouchers` (`id`)
) ENGINE=InnoDB DEFAULT CHARSET=utf8mb4 COLLATE=utf8mb4_unicode_ci COMMENT='Table lưu thông tin Khách hàng nào được áp dụng Voucher nào?\r\nCó thể lập danh sách Khách hàng bằng cách:\r\n- Tạo chức năng tự động tạo Voucher cho Khách hàng thân thiết (mua nhiều hàng hóa trong năm, ...) khi đến sinh nhật của họ.\r\n- Người thân của Giám đốc ;)';

-- Dumping data for table netashop.shop_customer_vouchers: ~0 rows (approximately)
/*!40000 ALTER TABLE `shop_customer_vouchers` DISABLE KEYS */;
INSERT INTO `shop_customer_vouchers` (`customer_id`, `voucher_id`, `created_at`, `updated_at`) VALUES
	(1, 2, '2020-02-17 16:08:01', NULL);
/*!40000 ALTER TABLE `shop_customer_vouchers` ENABLE KEYS */;

-- Dumping structure for table netashop.shop_orders
CREATE TABLE IF NOT EXISTS `shop_orders` (
  `id` bigint(20) unsigned NOT NULL AUTO_INCREMENT,
  `employee_id` bigint(20) unsigned NOT NULL COMMENT 'Thuộc nhân viên nào xử lý',
  `customer_id` bigint(20) unsigned NOT NULL COMMENT 'Thuộc khách hàng',
  `order_date` datetime NOT NULL COMMENT 'Ngày tạo Đơn hàng',
  `shipped_date` datetime DEFAULT NULL COMMENT 'Ngày giao hàng',
  `ship_name` varchar(50) COLLATE utf8mb4_unicode_ci NOT NULL COMMENT 'Họ tên Người giao hàng',
  `ship_address1` varchar(500) COLLATE utf8mb4_unicode_ci NOT NULL COMMENT 'Giao hàng đến Địa chỉ 1',
  `ship_address2` varchar(500) COLLATE utf8mb4_unicode_ci DEFAULT NULL COMMENT 'Giao hàng đến Địa chỉ 2',
  `ship_city` varchar(255) COLLATE utf8mb4_unicode_ci NOT NULL COMMENT 'Giao hàng đến Thành phố',
  `ship_state` varchar(255) COLLATE utf8mb4_unicode_ci DEFAULT NULL COMMENT 'Giao hàng đến Bang',
  `ship_postal_code` varchar(50) COLLATE utf8mb4_unicode_ci DEFAULT NULL COMMENT 'Giao hàng đến Mã bưu chính',
  `ship_country` varchar(255) COLLATE utf8mb4_unicode_ci NOT NULL COMMENT 'Giao hàng đến Quốc gia',
  `shipping_fee` decimal(19,4) NOT NULL DEFAULT 0.0000 COMMENT 'Phí giao hàng',
  `payment_type` varchar(255) COLLATE utf8mb4_unicode_ci NOT NULL COMMENT 'Phương thức Thanh toán',
  `paid_date` datetime DEFAULT NULL COMMENT 'Ngày thanh toán',
  `order_status` varchar(50) COLLATE utf8mb4_unicode_ci NOT NULL COMMENT 'Trạng thái: #New: mới tạo Đơn hàng -> #On Hold: đang xử lý -> #Shipped: đã giao hàng -> #Complete: đã hoàn tất đơn hàng (khách đã thanh toán và nhận hàng xong)',
  `created_at` timestamp NULL DEFAULT NULL,
  `updated_at` timestamp NULL DEFAULT NULL,
  PRIMARY KEY (`id`),
  KEY `FK_orders_employees` (`employee_id`),
  KEY `FK_orders_customers` (`customer_id`),
  CONSTRAINT `FK_orders_customers` FOREIGN KEY (`customer_id`) REFERENCES `shop_customers` (`id`),
  CONSTRAINT `FK_orders_employees` FOREIGN KEY (`employee_id`) REFERENCES `acl_users` (`id`)
) ENGINE=InnoDB AUTO_INCREMENT=4601 DEFAULT CHARSET=utf8mb4 COLLATE=utf8mb4_unicode_ci;

-- Dumping data for table netashop.shop_orders: ~600 rows (approximately)
/*!40000 ALTER TABLE `shop_orders` DISABLE KEYS */;
INSERT INTO `shop_orders` (`id`, `employee_id`, `customer_id`, `order_date`, `shipped_date`, `ship_name`, `ship_address1`, `ship_address2`, `ship_city`, `ship_state`, `ship_postal_code`, `ship_country`, `shipping_fee`, `payment_type`, `paid_date`, `order_status`, `created_at`, `updated_at`) VALUES
	(4001, 204, 40, '2016-04-05 00:00:00', '2016-11-06 00:00:00', 'Jean Fuller', '93 Spohn Place', NULL, 'Manggekompo', NULL, NULL, 'Indonesia', 8.1400, 'Card', '2016-10-12 00:00:00', 'On Hold', NULL, NULL),
	(4002, 204, 95, '2017-01-29 00:00:00', '2016-05-28 00:00:00', 'Diane Holmes', '46 Eliot Trail', NULL, 'Virginia Beach', 'Virginia', '23459', 'United States', 1.5500, 'Checque', '2016-06-27 00:00:00', 'Shipped', NULL, NULL),
	(4003, 218, 54, '2016-08-19 00:00:00', '2016-12-08 00:00:00', 'Jerry Frazier', '23 Sundown Junction', NULL, 'Obodivka', NULL, NULL, 'Ukraine', 2.2900, 'Cash', '2016-09-27 00:00:00', 'On Hold', NULL, NULL),
	(4004, 204, 69, '2016-09-25 00:00:00', '2016-12-24 00:00:00', 'Denise Freeman', '4909 Beilfuss Hill', NULL, 'Nova Venécia', NULL, '29830-000', 'Brazil', 4.7700, 'Checque', '2016-07-04 00:00:00', 'New', NULL, NULL),
	(4005, 215, 10, '2017-03-14 00:00:00', '2016-03-19 00:00:00', 'Jonathan Gordon', '7 Ludington Court', NULL, 'Sukamaju', NULL, NULL, 'Indonesia', 8.7800, 'Checque', '2016-03-22 00:00:00', 'On Hold', NULL, NULL),
	(4006, 211, 23, '2016-08-14 00:00:00', '2016-12-05 00:00:00', 'Sean Carter', '859 Dahle Plaza', NULL, 'Dayou', NULL, NULL, 'China', 9.4300, 'Cash', '2016-08-21 00:00:00', 'New', NULL, NULL),
	(4007, 204, 92, '2017-01-02 00:00:00', '2016-07-09 00:00:00', 'Alice Warren', '5 Fuller Center', NULL, 'Log pri Brezovici', NULL, '1358', 'Slovenia', 3.2500, 'Cash', '2016-03-24 00:00:00', 'Shipped', NULL, NULL),
	(4008, 205, 20, '2016-05-15 00:00:00', '2016-09-12 00:00:00', 'Andrea Hamilton', '99 Blue Bill Park Junction', NULL, 'Liangshui', NULL, NULL, 'China', 7.0400, 'Checque', '2016-09-02 00:00:00', 'On Hold', NULL, NULL),
	(4009, 219, 58, '2016-11-27 00:00:00', '2017-03-02 00:00:00', 'Wanda Hill', '907 Sundown Court', NULL, 'Pedra Azul', NULL, '39970-000', 'Brazil', 4.3500, 'Cash', '2016-09-27 00:00:00', 'On Hold', NULL, NULL),
	(4010, 218, 57, '2016-09-11 00:00:00', '2017-02-26 00:00:00', 'Carolyn Foster', '0 Charing Cross Court', NULL, 'Chicago', 'Illinois', '60609', 'United States', 1.2300, 'Cash', '2016-08-09 00:00:00', 'Complete', NULL, NULL),
	(4011, 207, 3, '2017-03-01 00:00:00', '2016-08-04 00:00:00', 'Timothy Warren', '19 John Wall Parkway', NULL, 'Lyon', 'Rhône-Alpes', '69362 CEDEX 07', 'France', 9.5700, 'Card', '2016-05-08 00:00:00', 'Complete', NULL, NULL),
	(4012, 210, 59, '2016-12-31 00:00:00', '2016-08-08 00:00:00', 'Kathleen Marshall', '2 Swallow Circle', NULL, 'Cunliji', NULL, NULL, 'China', 9.0300, 'Cash', '2016-04-23 00:00:00', 'On Hold', NULL, NULL),
	(4013, 204, 57, '2017-01-11 00:00:00', '2017-02-13 00:00:00', 'Jane Ortiz', '1136 Kedzie Alley', NULL, 'Eirado', 'Viana do Castelo', '4990-540', 'Portugal', 8.9000, 'Checque', '2016-10-26 00:00:00', 'Shipped', NULL, NULL),
	(4014, 212, 26, '2016-09-23 00:00:00', '2016-05-13 00:00:00', 'Carolyn Martinez', '954 Kropf Court', NULL, 'Ibitinga', NULL, '14940-000', 'Brazil', 4.5700, 'Card', '2016-09-11 00:00:00', 'New', NULL, NULL),
	(4015, 201, 86, '2016-11-04 00:00:00', '2016-10-03 00:00:00', 'Debra Willis', '89 Grasskamp Road', NULL, 'San Francisco', NULL, '8501', 'Philippines', 3.5300, 'Card', '2016-10-05 00:00:00', 'New', NULL, NULL),
	(4016, 208, 17, '2016-04-17 00:00:00', '2016-03-22 00:00:00', 'Sharon Little', '27501 Sommers Junction', NULL, 'San Juan Opico', NULL, NULL, 'El Salvador', 6.8700, 'Card', '2017-01-08 00:00:00', 'Complete', NULL, NULL),
	(4017, 205, 73, '2016-07-03 00:00:00', '2016-09-26 00:00:00', 'Nancy Hughes', '1 John Wall Avenue', NULL, 'La Libertad', NULL, NULL, 'Ecuador', 4.6700, 'Checque', '2017-02-01 00:00:00', 'New', NULL, NULL),
	(4018, 213, 16, '2016-12-01 00:00:00', '2016-06-08 00:00:00', 'Sara Knight', '98248 Tony Pass', NULL, 'Val-d\'Or', 'Québec', 'J9P', 'Canada', 9.5200, 'Card', '2016-08-06 00:00:00', 'New', NULL, NULL),
	(4019, 209, 10, '2016-04-18 00:00:00', '2016-04-25 00:00:00', 'Russell Wood', '3 Commercial Point', NULL, 'Rokietnica', NULL, '62-090', 'Poland', 6.8000, 'Card', '2017-01-20 00:00:00', 'On Hold', NULL, NULL),
	(4020, 216, 1, '2016-07-23 00:00:00', '2017-02-23 00:00:00', 'Aaron Grant', '15477 Farwell Circle', NULL, 'Yongyang', NULL, NULL, 'China', 3.1700, 'Cash', '2016-08-11 00:00:00', 'Complete', NULL, NULL),
	(4021, 209, 38, '2016-12-16 00:00:00', '2017-02-14 00:00:00', 'Ryan Foster', '9218 Leroy Avenue', NULL, 'Mogapinyana', NULL, NULL, 'Botswana', 3.3400, 'Cash', '2016-06-21 00:00:00', 'On Hold', NULL, NULL),
	(4022, 207, 91, '2016-07-18 00:00:00', '2016-04-06 00:00:00', 'Peter Montgomery', '570 Londonderry Pass', NULL, 'Mathakola', NULL, NULL, 'Botswana', 8.1100, 'Card', '2016-10-27 00:00:00', 'New', NULL, NULL),
	(4023, 209, 39, '2016-07-15 00:00:00', '2017-02-02 00:00:00', 'Lawrence Schmidt', '371 Acker Drive', NULL, 'Mesa', 'Arizona', '85205', 'United States', 1.3900, 'Cash', '2016-10-27 00:00:00', 'Complete', NULL, NULL),
	(4024, 219, 51, '2016-12-08 00:00:00', '2017-01-03 00:00:00', 'Eric Gray', '4608 Farmco Point', NULL, 'Gemblengmulyo', NULL, NULL, 'Indonesia', 8.7600, 'Card', '2016-05-13 00:00:00', 'Complete', NULL, NULL),
	(4025, 204, 77, '2016-09-24 00:00:00', '2017-01-20 00:00:00', 'Gloria Green', '62 Sunnyside Park', NULL, 'Itararé', NULL, '18460-000', 'Brazil', 7.7500, 'Cash', '2017-02-06 00:00:00', 'On Hold', NULL, NULL),
	(4026, 215, 73, '2016-09-15 00:00:00', '2016-12-24 00:00:00', 'Nicholas Price', '5672 Ruskin Hill', NULL, 'Maimará', NULL, '4624', 'Argentina', 9.1100, 'Card', '2016-07-22 00:00:00', 'On Hold', NULL, NULL),
	(4027, 208, 98, '2016-05-31 00:00:00', '2016-07-14 00:00:00', 'Doris Watson', '133 Gina Street', NULL, 'Bantiran', NULL, NULL, 'Indonesia', 3.0000, 'Cash', '2016-10-08 00:00:00', 'Complete', NULL, NULL),
	(4028, 217, 39, '2016-05-10 00:00:00', '2016-04-07 00:00:00', 'Linda Foster', '40382 4th Terrace', NULL, 'Agrelo', 'Braga', '4730-300', 'Portugal', 2.3900, 'Cash', '2016-09-11 00:00:00', 'Complete', NULL, NULL),
	(4029, 212, 52, '2016-09-14 00:00:00', '2016-12-21 00:00:00', 'Anthony Spencer', '02 Esker Junction', NULL, 'El Ocotón', NULL, NULL, 'Honduras', 7.7200, 'Checque', '2016-09-23 00:00:00', 'Shipped', NULL, NULL),
	(4030, 218, 74, '2016-05-08 00:00:00', '2016-07-21 00:00:00', 'James Kennedy', '7460 Westport Hill', NULL, 'Köln', 'Nordrhein-Westfalen', '51107', 'Germany', 6.1600, 'Cash', '2016-11-27 00:00:00', 'Shipped', NULL, NULL),
	(4031, 214, 4, '2016-05-31 00:00:00', '2017-03-03 00:00:00', 'Theresa Robinson', '44 Havey Way', NULL, 'Qingtong', NULL, NULL, 'China', 5.0200, 'Checque', '2017-03-15 00:00:00', 'New', NULL, NULL),
	(4032, 201, 81, '2016-07-05 00:00:00', '2016-11-18 00:00:00', 'Jesse Ray', '68 Derek Hill', NULL, 'Azogues', NULL, NULL, 'Ecuador', 5.4100, 'Checque', '2016-10-16 00:00:00', 'New', NULL, NULL),
	(4033, 203, 15, '2016-09-07 00:00:00', '2016-06-09 00:00:00', 'Harold Fields', '2 Vermont Terrace', NULL, 'Mogocha', NULL, '673732', 'Russia', 2.3800, 'Checque', '2016-03-30 00:00:00', 'Complete', NULL, NULL),
	(4034, 217, 11, '2016-08-19 00:00:00', '2016-12-08 00:00:00', 'Larry Watkins', '629 Waxwing Avenue', NULL, 'Krasnyy Oktyabr’', NULL, '398526', 'Russia', 5.2300, 'Cash', '2016-07-01 00:00:00', 'On Hold', NULL, NULL),
	(4035, 205, 51, '2016-11-29 00:00:00', '2016-09-02 00:00:00', 'Debra Marshall', '23578 Arizona Junction', NULL, 'Juhut', NULL, NULL, 'Indonesia', 1.5900, 'Card', '2016-06-17 00:00:00', 'Shipped', NULL, NULL),
	(4036, 217, 56, '2016-10-21 00:00:00', '2017-02-13 00:00:00', 'Todd Stephens', '63633 Columbus Avenue', NULL, 'Paccho', NULL, NULL, 'Peru', 5.0900, 'Cash', '2016-04-25 00:00:00', 'New', NULL, NULL),
	(4037, 219, 60, '2016-09-22 00:00:00', '2016-11-08 00:00:00', 'Jean Webb', '0916 Grover Way', NULL, 'Kurš?nai', NULL, '81001', 'Lithuania', 8.6600, 'Cash', '2016-09-30 00:00:00', 'Shipped', NULL, NULL),
	(4038, 213, 3, '2016-06-01 00:00:00', '2016-10-07 00:00:00', 'Heather Snyder', '44 Grayhawk Court', NULL, 'Haenam', NULL, NULL, 'South Korea', 5.3300, 'Cash', '2016-06-30 00:00:00', 'Complete', NULL, NULL),
	(4039, 201, 28, '2017-02-19 00:00:00', '2016-11-25 00:00:00', 'Janet Howard', '5351 Barby Trail', NULL, 'Shanghu', NULL, NULL, 'China', 9.1800, 'Checque', '2017-03-16 00:00:00', 'On Hold', NULL, NULL),
	(4040, 215, 74, '2016-09-14 00:00:00', '2016-06-23 00:00:00', 'Aaron Wheeler', '08 Burrows Avenue', NULL, 'Tân S?n', NULL, NULL, 'Vietnam', 3.3600, 'Card', '2017-03-05 00:00:00', 'New', NULL, NULL),
	(4041, 204, 79, '2016-09-27 00:00:00', '2017-02-15 00:00:00', 'Lori Watkins', '3 Pennsylvania Court', NULL, 'Victoria', NULL, 'VCT', 'Malta', 9.4100, 'Card', '2016-08-12 00:00:00', 'New', NULL, NULL),
	(4042, 205, 92, '2016-11-03 00:00:00', '2016-05-11 00:00:00', 'Alice Miller', '7895 Amoth Avenue', NULL, 'Mae Lao', NULL, '57250', 'Thailand', 2.1100, 'Cash', '2016-08-06 00:00:00', 'Shipped', NULL, NULL),
	(4043, 212, 82, '2016-11-17 00:00:00', '2016-04-19 00:00:00', 'Marilyn Nguyen', '25203 Meadow Ridge Plaza', NULL, 'Nine', 'Braga', '4775-446', 'Portugal', 6.0300, 'Cash', '2016-05-07 00:00:00', 'On Hold', NULL, NULL),
	(4044, 218, 55, '2016-06-26 00:00:00', '2016-08-15 00:00:00', 'Ashley West', '08621 Porter Lane', NULL, 'Kingsport', 'Tennessee', '37665', 'United States', 8.2300, 'Cash', '2016-12-17 00:00:00', 'New', NULL, NULL),
	(4045, 217, 53, '2016-05-07 00:00:00', '2017-02-25 00:00:00', 'Julia Fernandez', '91519 Harbort Way', NULL, 'Issoire', 'Auvergne', '63504 CEDEX', 'France', 1.1400, 'Checque', '2016-10-27 00:00:00', 'Complete', NULL, NULL),
	(4046, 211, 78, '2016-12-11 00:00:00', '2017-02-15 00:00:00', 'Willie Sims', '683 Caliangt Parkway', NULL, 'Balazar', 'Braga', '4805-005', 'Portugal', 6.5700, 'Card', '2017-02-13 00:00:00', 'On Hold', NULL, NULL),
	(4047, 201, 77, '2016-05-20 00:00:00', '2017-02-19 00:00:00', 'Samuel Burke', '25 Grover Lane', NULL, 'Housuo', NULL, NULL, 'China', 6.9900, 'Cash', '2016-08-12 00:00:00', 'New', NULL, NULL),
	(4048, 217, 72, '2016-11-06 00:00:00', '2016-09-29 00:00:00', 'Patricia Green', '29791 Thierer Street', NULL, 'Campamento', NULL, '052027', 'Colombia', 3.3300, 'Checque', '2016-03-24 00:00:00', 'Complete', NULL, NULL),
	(4049, 210, 98, '2016-08-24 00:00:00', '2016-04-16 00:00:00', 'Nicole Washington', '68 Monica Point', NULL, 'Cikaung', NULL, NULL, 'Indonesia', 5.7800, 'Checque', '2016-04-30 00:00:00', 'Complete', NULL, NULL),
	(4050, 215, 26, '2016-10-07 00:00:00', '2016-11-03 00:00:00', 'Marie Bryant', '36611 Schlimgen Place', NULL, 'Villa Francisca', NULL, '10215', 'Dominican Republic', 4.1100, 'Checque', '2016-07-29 00:00:00', 'Complete', NULL, NULL),
	(4051, 212, 51, '2016-05-19 00:00:00', '2017-03-16 00:00:00', 'Brandon Lane', '5 Duke Center', NULL, 'Soutinho', 'Porto', '4650-530', 'Portugal', 9.6200, 'Checque', '2016-11-28 00:00:00', 'Shipped', NULL, NULL),
	(4052, 205, 9, '2016-07-19 00:00:00', '2016-09-05 00:00:00', 'Pamela Ferguson', '0 Mockingbird Crossing', NULL, 'Jefferson City', 'Missouri', '65105', 'United States', 9.9800, 'Card', '2016-12-08 00:00:00', 'Shipped', NULL, NULL),
	(4053, 210, 42, '2016-04-09 00:00:00', '2017-02-05 00:00:00', 'Gloria Edwards', '8275 Sage Plaza', NULL, 'Yilkiqi', NULL, NULL, 'China', 5.2100, 'Cash', '2016-11-10 00:00:00', 'On Hold', NULL, NULL),
	(4054, 211, 70, '2017-02-28 00:00:00', '2017-02-11 00:00:00', 'John Cole', '4679 Trailsway Circle', NULL, 'Sanlanbahai', NULL, NULL, 'China', 4.4200, 'Card', '2017-01-06 00:00:00', 'Complete', NULL, NULL),
	(4055, 208, 65, '2017-01-11 00:00:00', '2017-02-14 00:00:00', 'Bobby Butler', '314 Jenna Crossing', NULL, 'Malusac', NULL, '2005', 'Philippines', 7.3700, 'Cash', '2017-03-15 00:00:00', 'Shipped', NULL, NULL),
	(4056, 220, 15, '2016-07-12 00:00:00', '2016-09-06 00:00:00', 'Anthony Lane', '1 Packers Avenue', NULL, 'Batambak', NULL, NULL, 'Indonesia', 5.4100, 'Card', '2016-11-21 00:00:00', 'On Hold', NULL, NULL),
	(4057, 220, 76, '2016-05-05 00:00:00', '2016-04-19 00:00:00', 'Karen Ray', '891 Raven Street', NULL, 'Chinju', NULL, NULL, 'South Korea', 4.7100, 'Cash', '2017-02-11 00:00:00', 'On Hold', NULL, NULL),
	(4058, 216, 90, '2017-01-26 00:00:00', '2016-12-19 00:00:00', 'Martha Gonzalez', '8695 Mandrake Place', NULL, 'Maythal?n', NULL, NULL, 'Palestinian Territory', 1.7500, 'Card', '2017-03-16 00:00:00', 'On Hold', NULL, NULL),
	(4059, 212, 43, '2016-09-20 00:00:00', '2017-02-11 00:00:00', 'Judy Daniels', '154 Lukken Court', NULL, 'Luoqiao', NULL, NULL, 'China', 4.6300, 'Checque', '2016-11-09 00:00:00', 'On Hold', NULL, NULL),
	(4060, 207, 80, '2016-04-29 00:00:00', '2016-07-01 00:00:00', 'Jane Stevens', '43 Kingsford Pass', NULL, 'Dobruševo', NULL, '7514', 'Macedonia', 1.9600, 'Cash', '2016-09-02 00:00:00', 'On Hold', NULL, NULL),
	(4061, 214, 89, '2016-10-09 00:00:00', '2016-09-09 00:00:00', 'Emily Miller', '5 Pearson Lane', NULL, 'East London', NULL, '5688', 'South Africa', 2.1400, 'Card', '2016-06-10 00:00:00', 'Complete', NULL, NULL),
	(4062, 220, 8, '2016-12-01 00:00:00', '2017-03-09 00:00:00', 'Sarah Johnson', '30 Chinook Lane', NULL, 'Selishche', NULL, '180536', 'Russia', 3.7600, 'Card', '2016-11-18 00:00:00', 'On Hold', NULL, NULL),
	(4063, 220, 48, '2017-03-05 00:00:00', '2016-11-30 00:00:00', 'Carolyn Reyes', '72 Michigan Pass', NULL, 'Sukasenang', NULL, NULL, 'Indonesia', 6.5200, 'Cash', '2016-05-20 00:00:00', 'Shipped', NULL, NULL),
	(4064, 214, 31, '2016-07-19 00:00:00', '2016-08-16 00:00:00', 'Kathryn Coleman', '43358 Packers Court', NULL, 'Przystaj?', NULL, '42-141', 'Poland', 1.6800, 'Card', '2016-12-13 00:00:00', 'Complete', NULL, NULL),
	(4065, 205, 41, '2016-12-09 00:00:00', '2016-03-20 00:00:00', 'Clarence Graham', '1675 Starling Point', NULL, 'Zangbawa', NULL, NULL, 'China', 5.8200, 'Cash', '2016-07-08 00:00:00', 'Complete', NULL, NULL),
	(4066, 205, 41, '2016-05-25 00:00:00', '2016-11-15 00:00:00', 'David Harris', '00 Warner Court', NULL, 'Kabba', NULL, NULL, 'Nigeria', 7.2400, 'Cash', '2016-09-24 00:00:00', 'New', NULL, NULL),
	(4067, 218, 13, '2016-07-24 00:00:00', '2016-12-06 00:00:00', 'Ruth Fields', '88567 Golf Course Plaza', NULL, 'Mauá', NULL, '09300-000', 'Brazil', 6.8200, 'Cash', '2017-01-26 00:00:00', 'New', NULL, NULL),
	(4068, 206, 11, '2016-05-04 00:00:00', '2016-07-10 00:00:00', 'Todd Butler', '88 Graedel Point', NULL, 'Jablah', NULL, NULL, 'Syria', 3.8300, 'Cash', '2016-06-17 00:00:00', 'On Hold', NULL, NULL),
	(4069, 215, 55, '2016-12-22 00:00:00', '2016-03-28 00:00:00', 'Catherine Perkins', '95 Troy Parkway', NULL, 'Frampol', NULL, '23-440', 'Poland', 7.6000, 'Checque', '2016-08-24 00:00:00', 'Shipped', NULL, NULL),
	(4070, 220, 40, '2016-10-17 00:00:00', '2016-12-01 00:00:00', 'Jeffrey Rodriguez', '3393 Weeping Birch Court', NULL, 'Burunday', NULL, NULL, 'Kazakhstan', 2.5200, 'Cash', '2016-09-06 00:00:00', 'Shipped', NULL, NULL),
	(4071, 218, 70, '2017-03-16 00:00:00', '2016-12-09 00:00:00', 'Rachel Butler', '79327 Ridgeway Circle', NULL, 'Dupnitsa', NULL, '2680', 'Bulgaria', 6.2500, 'Checque', '2016-04-02 00:00:00', 'Complete', NULL, NULL),
	(4072, 205, 45, '2017-01-22 00:00:00', '2016-05-15 00:00:00', 'Robin Fisher', '0 Susan Court', NULL, 'Morohong?', NULL, '357-0211', 'Japan', 4.4200, 'Card', '2017-03-06 00:00:00', 'Complete', NULL, NULL),
	(4073, 217, 94, '2017-01-25 00:00:00', '2016-04-11 00:00:00', 'Ruth Carpenter', '4 Glacier Hill Road', NULL, 'Ngrejo', NULL, NULL, 'Indonesia', 4.9000, 'Cash', '2016-08-13 00:00:00', 'On Hold', NULL, NULL),
	(4074, 219, 27, '2017-01-06 00:00:00', '2017-01-03 00:00:00', 'Irene Kelly', '0 Comanche Junction', NULL, 'Chao', NULL, NULL, 'Peru', 5.3200, 'Checque', '2016-11-20 00:00:00', 'On Hold', NULL, NULL),
	(4075, 214, 44, '2016-06-24 00:00:00', '2016-12-20 00:00:00', 'Douglas Sims', '81709 Helena Park', NULL, 'Dongmaku', NULL, NULL, 'China', 3.3500, 'Card', '2017-02-27 00:00:00', 'Complete', NULL, NULL),
	(4076, 216, 27, '2016-09-23 00:00:00', '2016-10-05 00:00:00', 'Kenneth Rose', '5316 Dottie Way', NULL, 'Olszówka', NULL, '62-641', 'Poland', 2.6300, 'Cash', '2016-05-27 00:00:00', 'Shipped', NULL, NULL),
	(4077, 211, 84, '2016-11-24 00:00:00', '2016-08-04 00:00:00', 'Jimmy Morgan', '42187 Shoshone Center', NULL, 'Saltsjöbaden', 'Stockholm', '133 41', 'Sweden', 1.1100, 'Cash', '2016-09-09 00:00:00', 'On Hold', NULL, NULL),
	(4078, 202, 57, '2016-05-28 00:00:00', '2016-06-02 00:00:00', 'Annie Vasquez', '5 Lien Junction', NULL, 'Al Qa?n', NULL, NULL, 'Yemen', 2.7300, 'Checque', '2016-11-14 00:00:00', 'On Hold', NULL, NULL),
	(4079, 202, 64, '2016-07-05 00:00:00', '2016-05-20 00:00:00', 'Henry Mccoy', '58 Nelson Circle', NULL, 'Tsaghkahovit', NULL, NULL, 'Armenia', 3.2900, 'Card', '2016-08-18 00:00:00', 'Shipped', NULL, NULL),
	(4080, 216, 44, '2017-02-20 00:00:00', '2016-10-08 00:00:00', 'Norma Graham', '27 Heffernan Pass', NULL, 'Cairima', NULL, NULL, 'China', 7.0200, 'Checque', '2017-03-06 00:00:00', 'Complete', NULL, NULL),
	(4081, 218, 60, '2017-03-16 00:00:00', '2016-08-06 00:00:00', 'Albert Wright', '572 Vahlen Place', NULL, 'Drahovo', NULL, NULL, 'Ukraine', 4.9200, 'Checque', '2017-01-29 00:00:00', 'New', NULL, NULL),
	(4082, 219, 15, '2016-12-26 00:00:00', '2017-02-17 00:00:00', 'Jane Wells', '21 Merchant Way', NULL, 'Acacías', NULL, '507009', 'Colombia', 6.5300, 'Card', '2016-06-04 00:00:00', 'Complete', NULL, NULL),
	(4083, 212, 61, '2016-06-24 00:00:00', '2016-03-23 00:00:00', 'Jesse Mitchell', '4060 Carioca Drive', NULL, 'Ntoroko', NULL, NULL, 'Uganda', 9.4100, 'Cash', '2016-10-19 00:00:00', 'On Hold', NULL, NULL),
	(4084, 216, 3, '2016-08-20 00:00:00', '2017-02-15 00:00:00', 'Carlos Brooks', '868 Pankratz Trail', NULL, 'Bat Khela', NULL, '18351', 'Pakistan', 1.0000, 'Checque', '2016-12-22 00:00:00', 'On Hold', NULL, NULL),
	(4085, 209, 25, '2016-12-03 00:00:00', '2016-06-01 00:00:00', 'Christopher Williamson', '8874 Starling Plaza', NULL, 'Tarbes', 'Midi-Pyrénées', '65951 CEDEX 9', 'France', 4.1500, 'Card', '2017-02-04 00:00:00', 'New', NULL, NULL),
	(4086, 205, 2, '2016-06-19 00:00:00', '2016-08-26 00:00:00', 'Joseph Wells', '7223 Carpenter Road', NULL, 'Chitral', NULL, '17200', 'Pakistan', 5.3100, 'Card', '2016-07-22 00:00:00', 'Shipped', NULL, NULL),
	(4087, 216, 96, '2016-06-04 00:00:00', '2016-12-31 00:00:00', 'Teresa Thomas', '908 Ramsey Junction', NULL, 'Dzerzhinskiy', NULL, '140083', 'Russia', 4.2900, 'Cash', '2017-03-03 00:00:00', 'Shipped', NULL, NULL),
	(4088, 203, 35, '2016-09-21 00:00:00', '2017-01-08 00:00:00', 'Scott Gomez', '70537 Tennessee Crossing', NULL, 'B?ng S?n', NULL, NULL, 'Vietnam', 6.9300, 'Cash', '2017-01-01 00:00:00', 'New', NULL, NULL),
	(4089, 210, 18, '2017-02-17 00:00:00', '2016-10-28 00:00:00', 'Nicole Miller', '0 Jackson Place', NULL, 'Šilhe?ovice', NULL, '747 15', 'Czech Republic', 5.6400, 'Card', '2016-11-17 00:00:00', 'On Hold', NULL, NULL),
	(4090, 201, 8, '2016-11-12 00:00:00', '2016-06-02 00:00:00', 'Donald Nguyen', '7320 Bunting Pass', NULL, 'Namioka', NULL, '953-0062', 'Japan', 7.0700, 'Cash', '2016-09-29 00:00:00', 'Complete', NULL, NULL),
	(4091, 212, 67, '2016-04-08 00:00:00', '2016-11-21 00:00:00', 'Shawn Myers', '1844 Esch Plaza', NULL, 'Gra?ec', NULL, '10370', 'Croatia', 4.8400, 'Card', '2016-03-17 00:00:00', 'New', NULL, NULL),
	(4092, 220, 16, '2017-01-12 00:00:00', '2016-08-04 00:00:00', 'Daniel Armstrong', '2 Donald Alley', NULL, 'La Colorada', NULL, NULL, 'Panama', 2.9800, 'Checque', '2016-12-08 00:00:00', 'Shipped', NULL, NULL),
	(4093, 203, 60, '2016-04-17 00:00:00', '2016-05-10 00:00:00', 'Henry Gonzales', '23848 6th Center', NULL, 'Guayatá', NULL, '153047', 'Colombia', 1.5400, 'Checque', '2016-04-18 00:00:00', 'New', NULL, NULL),
	(4094, 209, 37, '2016-08-07 00:00:00', '2016-04-26 00:00:00', 'Stephanie Snyder', '1152 Morning Park', NULL, 'Zhitan', NULL, NULL, 'China', 9.7600, 'Card', '2016-05-23 00:00:00', 'New', NULL, NULL),
	(4095, 205, 46, '2016-09-01 00:00:00', '2017-02-25 00:00:00', 'Joan Butler', '98050 Mitchell Point', NULL, 'Bun Barat', NULL, NULL, 'Indonesia', 9.5700, 'Card', '2017-01-25 00:00:00', 'Shipped', NULL, NULL),
	(4096, 211, 92, '2017-01-02 00:00:00', '2016-12-06 00:00:00', 'Gloria Murray', '8 Vidon Terrace', NULL, 'Rumenka', NULL, NULL, 'Serbia', 5.3300, 'Card', '2016-12-28 00:00:00', 'Shipped', NULL, NULL),
	(4097, 210, 66, '2016-07-04 00:00:00', '2016-05-30 00:00:00', 'Dorothy Simpson', '0 Pearson Point', NULL, 'Yevpatoriya', NULL, NULL, 'Ukraine', 3.5200, 'Checque', '2016-04-28 00:00:00', 'Complete', NULL, NULL),
	(4098, 219, 59, '2016-09-27 00:00:00', '2016-12-17 00:00:00', 'Katherine Brooks', '921 Anhalt Place', NULL, 'Rietavas', NULL, '90018', 'Lithuania', 5.2900, 'Checque', '2016-12-19 00:00:00', 'Complete', NULL, NULL),
	(4099, 207, 65, '2016-07-06 00:00:00', '2016-10-11 00:00:00', 'Linda Reid', '89712 Dryden Point', NULL, 'Bronnitsy', NULL, '142451', 'Russia', 5.6800, 'Card', '2016-07-08 00:00:00', 'New', NULL, NULL),
	(4100, 212, 61, '2016-04-14 00:00:00', '2016-05-02 00:00:00', 'Richard Carpenter', '17032 Melrose Crossing', NULL, 'White River', NULL, '1256', 'South Africa', 7.2200, 'Card', '2016-08-03 00:00:00', 'Shipped', NULL, NULL),
	(4101, 206, 23, '2016-03-28 00:00:00', '2016-12-01 00:00:00', 'Clarence Coleman', '9167 Valley Edge Point', NULL, 'Guocun', NULL, NULL, 'China', 5.8600, 'Checque', '2016-08-19 00:00:00', 'Shipped', NULL, NULL),
	(4102, 202, 16, '2016-07-26 00:00:00', '2017-01-18 00:00:00', 'Kevin Dunn', '178 Park Meadow Avenue', NULL, 'Mlonggo', NULL, NULL, 'Indonesia', 4.1500, 'Checque', '2016-08-03 00:00:00', 'Complete', NULL, NULL),
	(4103, 211, 65, '2017-01-17 00:00:00', '2016-11-09 00:00:00', 'Keith Lopez', '689 Anthes Pass', NULL, 'Cibanten', NULL, NULL, 'Indonesia', 8.2500, 'Checque', '2016-10-15 00:00:00', 'Shipped', NULL, NULL),
	(4104, 218, 86, '2017-03-12 00:00:00', '2016-05-25 00:00:00', 'Chris Wright', '57974 Riverside Junction', NULL, 'Ban Mai', NULL, '80000', 'Thailand', 4.8500, 'Cash', '2016-05-08 00:00:00', 'New', NULL, NULL),
	(4105, 215, 57, '2016-07-03 00:00:00', '2016-05-03 00:00:00', 'Michael Snyder', '93 Ohio Hill', NULL, 'Bryan', 'Texas', '77806', 'United States', 3.5400, 'Card', '2016-08-10 00:00:00', 'Shipped', NULL, NULL),
	(4106, 210, 2, '2017-03-07 00:00:00', '2016-09-18 00:00:00', 'David Day', '5024 Summerview Circle', NULL, 'Itapira', NULL, '13970-000', 'Brazil', 3.6000, 'Cash', '2017-01-20 00:00:00', 'On Hold', NULL, NULL),
	(4107, 218, 4, '2016-10-10 00:00:00', '2016-09-02 00:00:00', 'Lisa Kim', '4892 Huxley Center', NULL, 'Tanjungagung', NULL, NULL, 'Indonesia', 6.2300, 'Cash', '2016-06-11 00:00:00', 'On Hold', NULL, NULL),
	(4108, 214, 26, '2016-06-02 00:00:00', '2016-10-05 00:00:00', 'Teresa Ellis', '1569 Mariners Cove Terrace', NULL, 'Maszkienice', NULL, '32-854', 'Poland', 7.6500, 'Checque', '2016-04-14 00:00:00', 'On Hold', NULL, NULL),
	(4109, 201, 51, '2016-10-07 00:00:00', '2017-02-02 00:00:00', 'Jimmy Lawson', '2165 Bluestem Center', NULL, 'Kampungbaru', NULL, NULL, 'Indonesia', 1.7300, 'Checque', '2016-09-30 00:00:00', 'Shipped', NULL, NULL),
	(4110, 215, 4, '2016-08-21 00:00:00', '2017-02-05 00:00:00', 'Jerry Murray', '40070 Anderson Court', NULL, 'Vicente Guerrero', 'Veracruz Llave', '92440', 'Mexico', 1.5700, 'Card', '2016-06-26 00:00:00', 'New', NULL, NULL),
	(4111, 210, 56, '2016-07-06 00:00:00', '2016-09-19 00:00:00', 'Joan Adams', '5322 Goodland Avenue', NULL, 'Paris 17', 'Île-de-France', '75853 CEDEX 17', 'France', 7.5200, 'Cash', '2016-05-07 00:00:00', 'New', NULL, NULL),
	(4112, 214, 77, '2016-09-04 00:00:00', '2016-10-19 00:00:00', 'Chris Young', '7 Clove Center', NULL, 'Gongjiahe', NULL, NULL, 'China', 3.3100, 'Card', '2016-11-06 00:00:00', 'New', NULL, NULL),
	(4113, 217, 62, '2016-07-18 00:00:00', '2016-09-30 00:00:00', 'Norma Oliver', '6002 Rieder Road', NULL, 'Lingbei', NULL, NULL, 'China', 8.8500, 'Checque', '2016-09-25 00:00:00', 'Complete', NULL, NULL),
	(4114, 213, 72, '2016-08-01 00:00:00', '2016-09-12 00:00:00', 'Douglas Day', '88 Helena Drive', NULL, 'Alcoutim', 'Faro', '8970-055', 'Portugal', 5.5200, 'Card', '2016-12-19 00:00:00', 'New', NULL, NULL),
	(4115, 220, 6, '2016-11-13 00:00:00', '2017-02-22 00:00:00', 'Janet James', '820 Westend Place', NULL, 'Springfield', 'Massachusetts', '01129', 'United States', 4.7200, 'Cash', '2016-03-21 00:00:00', 'On Hold', NULL, NULL),
	(4116, 201, 72, '2016-09-01 00:00:00', '2016-09-07 00:00:00', 'Martha Lee', '2 Donald Hill', NULL, 'Majiang', NULL, NULL, 'China', 4.3900, 'Cash', '2016-12-10 00:00:00', 'Shipped', NULL, NULL),
	(4117, 202, 40, '2017-02-04 00:00:00', '2016-12-09 00:00:00', 'Benjamin Cruz', '02989 Morningstar Avenue', NULL, 'G?v?', NULL, NULL, 'Iran', 1.7700, 'Checque', '2017-01-29 00:00:00', 'Complete', NULL, NULL),
	(4118, 213, 48, '2016-12-24 00:00:00', '2017-01-06 00:00:00', 'Diane Porter', '7 Kensington Center', NULL, 'Pingyi', NULL, NULL, 'China', 4.6900, 'Checque', '2016-05-31 00:00:00', 'On Hold', NULL, NULL),
	(4119, 205, 69, '2016-06-30 00:00:00', '2016-05-01 00:00:00', 'Brandon Myers', '80411 Victoria Center', NULL, 'Punsu', NULL, NULL, 'Indonesia', 7.8000, 'Cash', '2016-12-28 00:00:00', 'New', NULL, NULL),
	(4120, 220, 63, '2016-11-11 00:00:00', '2016-10-30 00:00:00', 'Beverly Garza', '2750 Sullivan Place', NULL, 'San Jose', NULL, '8427', 'Philippines', 8.1500, 'Checque', '2016-09-23 00:00:00', 'Shipped', NULL, NULL),
	(4121, 220, 32, '2016-05-05 00:00:00', '2016-09-05 00:00:00', 'Cynthia Simpson', '0731 Clarendon Point', NULL, 'Pomichna', NULL, NULL, 'Ukraine', 5.5600, 'Card', '2017-02-23 00:00:00', 'On Hold', NULL, NULL),
	(4122, 201, 38, '2016-04-24 00:00:00', '2016-07-30 00:00:00', 'Janet West', '4800 Dottie Parkway', NULL, 'Tân K?', NULL, NULL, 'Vietnam', 2.6300, 'Cash', '2016-06-17 00:00:00', 'On Hold', NULL, NULL),
	(4123, 214, 24, '2016-04-04 00:00:00', '2016-06-11 00:00:00', 'Kevin Stone', '85 Duke Avenue', NULL, 'Shemona?kha', NULL, NULL, 'Kazakhstan', 9.9900, 'Card', '2016-09-24 00:00:00', 'On Hold', NULL, NULL),
	(4124, 210, 9, '2016-09-01 00:00:00', '2016-06-18 00:00:00', 'Amy Austin', '80663 Almo Park', NULL, 'Zaje?ov', NULL, '267 63', 'Czech Republic', 3.5800, 'Card', '2016-08-29 00:00:00', 'Complete', NULL, NULL),
	(4125, 206, 78, '2017-02-09 00:00:00', '2016-07-07 00:00:00', 'Gregory Greene', '6 Commercial Junction', NULL, 'Hudong', NULL, NULL, 'China', 7.3400, 'Cash', '2016-12-26 00:00:00', 'New', NULL, NULL),
	(4126, 215, 48, '2016-07-30 00:00:00', '2016-12-25 00:00:00', 'Laura Woods', '115 Ramsey Plaza', NULL, 'Allentown', 'Pennsylvania', '18105', 'United States', 4.9200, 'Checque', '2016-09-28 00:00:00', 'On Hold', NULL, NULL),
	(4127, 220, 19, '2016-03-29 00:00:00', '2016-05-27 00:00:00', 'Stephanie Reed', '452 Grayhawk Way', NULL, 'Sicheng', NULL, NULL, 'China', 1.1000, 'Card', '2017-03-14 00:00:00', 'Shipped', NULL, NULL),
	(4128, 208, 64, '2016-06-03 00:00:00', '2016-08-13 00:00:00', 'Craig Gonzalez', '6028 West Street', NULL, 'Kliteh', NULL, NULL, 'Indonesia', 1.7300, 'Cash', '2016-06-23 00:00:00', 'Complete', NULL, NULL),
	(4129, 201, 28, '2016-09-05 00:00:00', '2016-04-03 00:00:00', 'Raymond Gomez', '4 Stone Corner Place', NULL, 'Chechenglu', NULL, NULL, 'China', 4.3200, 'Card', '2016-06-29 00:00:00', 'Complete', NULL, NULL),
	(4130, 215, 83, '2016-11-14 00:00:00', '2016-09-13 00:00:00', 'Kenneth Taylor', '7 Nevada Way', NULL, 'Al?pur', NULL, '34451', 'Pakistan', 5.0700, 'Card', '2016-11-28 00:00:00', 'Complete', NULL, NULL),
	(4131, 203, 76, '2017-02-01 00:00:00', '2017-01-04 00:00:00', 'Jose Peters', '2493 Saint Paul Crossing', NULL, 'Bofuer', NULL, NULL, 'Indonesia', 9.8500, 'Card', '2016-11-18 00:00:00', 'New', NULL, NULL),
	(4132, 207, 67, '2016-09-02 00:00:00', '2017-03-10 00:00:00', 'Martin West', '7251 Prairieview Place', NULL, 'Espinillo', NULL, '3460', 'Argentina', 7.9000, 'Card', '2017-02-05 00:00:00', 'New', NULL, NULL),
	(4133, 208, 78, '2016-08-27 00:00:00', '2016-12-26 00:00:00', 'Louise Dunn', '4076 East Trail', NULL, 'Caramanta', NULL, '056047', 'Colombia', 1.2800, 'Cash', '2016-12-22 00:00:00', 'Shipped', NULL, NULL),
	(4134, 209, 93, '2016-06-27 00:00:00', '2016-04-10 00:00:00', 'Gregory Stanley', '67 Namekagon Crossing', NULL, 'Pasarkayu', NULL, NULL, 'Indonesia', 2.8300, 'Checque', '2016-09-17 00:00:00', 'Complete', NULL, NULL),
	(4135, 206, 60, '2016-03-23 00:00:00', '2016-06-19 00:00:00', 'Ronald Palmer', '21 Old Shore Place', NULL, 'Tujing', NULL, NULL, 'China', 9.0100, 'Checque', '2016-12-22 00:00:00', 'New', NULL, NULL),
	(4136, 209, 10, '2016-11-07 00:00:00', '2016-11-21 00:00:00', 'Harry Robinson', '740 Toban Court', NULL, 'Liujiage', NULL, NULL, 'China', 7.1300, 'Card', '2016-09-20 00:00:00', 'New', NULL, NULL),
	(4137, 214, 83, '2016-05-20 00:00:00', '2016-04-08 00:00:00', 'Joan Torres', '5167 Laurel Drive', NULL, 'Nirji', NULL, NULL, 'China', 9.8100, 'Card', '2016-09-13 00:00:00', 'Complete', NULL, NULL),
	(4138, 207, 47, '2016-07-17 00:00:00', '2016-10-03 00:00:00', 'Carlos Jones', '4 Fuller Lane', NULL, 'Detroit', 'Michigan', '48258', 'United States', 8.0200, 'Card', '2016-11-16 00:00:00', 'On Hold', NULL, NULL),
	(4139, 214, 92, '2016-07-17 00:00:00', '2017-01-23 00:00:00', 'Terry Freeman', '738 Vernon Road', NULL, 'Veverská Bítýška', NULL, '664 71', 'Czech Republic', 1.9300, 'Checque', '2016-04-04 00:00:00', 'Complete', NULL, NULL),
	(4140, 204, 92, '2016-06-09 00:00:00', '2016-05-06 00:00:00', 'Rose Hunt', '3242 Bunting Trail', NULL, 'Schaumburg', 'Illinois', '60193', 'United States', 7.6500, 'Checque', '2016-07-03 00:00:00', 'On Hold', NULL, NULL),
	(4141, 214, 12, '2016-11-19 00:00:00', '2017-03-16 00:00:00', 'Harry Reid', '395 Hauk Road', NULL, 'Rudky', NULL, NULL, 'Ukraine', 5.2300, 'Card', '2017-01-18 00:00:00', 'On Hold', NULL, NULL),
	(4142, 212, 88, '2016-12-25 00:00:00', '2016-12-14 00:00:00', 'Fred Olson', '9311 Old Gate Park', NULL, 'Hejiabao', NULL, NULL, 'China', 4.0200, 'Checque', '2016-05-16 00:00:00', 'New', NULL, NULL),
	(4143, 217, 79, '2016-06-14 00:00:00', '2016-08-25 00:00:00', 'Paul Arnold', '08347 Comanche Pass', NULL, 'Bukovec', NULL, '739 84', 'Czech Republic', 6.0200, 'Card', '2016-05-08 00:00:00', 'New', NULL, NULL),
	(4144, 216, 56, '2016-06-03 00:00:00', '2016-07-22 00:00:00', 'Carolyn Woods', '55 Stoughton Pass', NULL, 'Shengmi', NULL, NULL, 'China', 7.3200, 'Card', '2016-07-27 00:00:00', 'New', NULL, NULL),
	(4145, 218, 84, '2016-07-02 00:00:00', '2016-11-05 00:00:00', 'Craig Schmidt', '2 Stephen Plaza', NULL, 'Arhust', NULL, NULL, 'Mongolia', 3.3100, 'Checque', '2016-06-17 00:00:00', 'New', NULL, NULL),
	(4146, 219, 13, '2016-09-02 00:00:00', '2017-01-29 00:00:00', 'Antonio Jordan', '452 Clemons Court', NULL, 'København', 'Region Hovedstaden', '1787', 'Denmark', 4.8400, 'Card', '2016-11-10 00:00:00', 'Complete', NULL, NULL),
	(4147, 212, 51, '2016-10-19 00:00:00', '2017-01-20 00:00:00', 'Carol Evans', '1649 Crescent Oaks Road', NULL, 'Roubaix', 'Nord-Pas-de-Calais', '59100', 'France', 7.7100, 'Card', '2017-03-08 00:00:00', 'On Hold', NULL, NULL),
	(4148, 217, 26, '2016-04-16 00:00:00', '2016-11-28 00:00:00', 'Steven Torres', '73679 Morning Drive', NULL, 'Ayotupas', NULL, NULL, 'Indonesia', 7.0000, 'Card', '2016-06-12 00:00:00', 'On Hold', NULL, NULL),
	(4149, 215, 1, '2017-02-06 00:00:00', '2016-10-27 00:00:00', 'Louis Watson', '03 Golf View Way', NULL, 'Madaoua', NULL, NULL, 'Niger', 4.4500, 'Checque', '2016-07-22 00:00:00', 'Complete', NULL, NULL),
	(4150, 210, 100, '2017-01-14 00:00:00', '2016-11-12 00:00:00', 'Robin Reynolds', '5 Hagan Hill', NULL, 'Huacaschuque', NULL, NULL, 'Peru', 7.3700, 'Checque', '2017-02-09 00:00:00', 'New', NULL, NULL),
	(4151, 217, 24, '2016-09-06 00:00:00', '2016-10-11 00:00:00', 'Julia Gilbert', '3 Manitowish Avenue', NULL, 'Passos', 'Viana do Castelo', '4990-770', 'Portugal', 1.7600, 'Card', '2016-07-16 00:00:00', 'New', NULL, NULL),
	(4152, 210, 90, '2016-05-26 00:00:00', '2016-07-14 00:00:00', 'Chris Chavez', '0 Birchwood Plaza', NULL, 'Odivelas', 'Lisboa', '2675-080', 'Portugal', 8.3500, 'Cash', '2017-02-05 00:00:00', 'On Hold', NULL, NULL),
	(4153, 220, 79, '2016-10-27 00:00:00', '2016-08-14 00:00:00', 'Adam Morrison', '04510 West Circle', NULL, 'Weda', NULL, NULL, 'Indonesia', 8.8400, 'Checque', '2016-10-05 00:00:00', 'On Hold', NULL, NULL),
	(4154, 210, 57, '2017-02-21 00:00:00', '2016-09-28 00:00:00', 'Doris Snyder', '37027 Hintze Parkway', NULL, 'Vakhrushi', NULL, '613110', 'Russia', 2.7500, 'Cash', '2016-12-02 00:00:00', 'Complete', NULL, NULL),
	(4155, 202, 24, '2017-02-03 00:00:00', '2016-08-03 00:00:00', 'Lisa Fisher', '919 Warner Circle', NULL, 'Kanbe', NULL, NULL, 'Myanmar', 2.4800, 'Checque', '2016-12-23 00:00:00', 'New', NULL, NULL),
	(4156, 213, 89, '2017-01-26 00:00:00', '2016-06-25 00:00:00', 'Gloria Murphy', '6750 Hansons Center', NULL, 'Saint Petersburg', NULL, '190990', 'Russia', 2.8800, 'Cash', '2017-01-31 00:00:00', 'On Hold', NULL, NULL),
	(4157, 219, 83, '2016-08-03 00:00:00', '2016-06-15 00:00:00', 'Sara Mcdonald', '88365 Namekagon Park', NULL, 'Maofan', NULL, NULL, 'China', 4.6900, 'Cash', '2016-09-22 00:00:00', 'New', NULL, NULL),
	(4158, 202, 79, '2016-08-13 00:00:00', '2016-10-08 00:00:00', 'John Barnes', '41 Springs Plaza', NULL, 'Carangola', NULL, '36800-000', 'Brazil', 4.8400, 'Checque', '2016-11-25 00:00:00', 'New', NULL, NULL),
	(4159, 215, 84, '2016-11-30 00:00:00', '2017-02-27 00:00:00', 'Bobby Matthews', '39153 Kipling Trail', NULL, 'Now Z?d', NULL, NULL, 'Afghanistan', 7.5600, 'Cash', '2016-09-25 00:00:00', 'Shipped', NULL, NULL),
	(4160, 216, 40, '2016-07-27 00:00:00', '2016-12-05 00:00:00', 'Robin Greene', '899 Waubesa Alley', NULL, 'Vellinge', 'Skåne', '235 93', 'Sweden', 4.1700, 'Card', '2016-12-22 00:00:00', 'New', NULL, NULL),
	(4161, 211, 91, '2017-03-12 00:00:00', '2016-09-11 00:00:00', 'Joseph Long', '3 Nobel Terrace', NULL, 'Bukabu', NULL, NULL, 'Indonesia', 2.2600, 'Card', '2016-10-26 00:00:00', 'On Hold', NULL, NULL),
	(4162, 204, 94, '2016-10-08 00:00:00', '2016-09-26 00:00:00', 'Lisa Rodriguez', '880 Arizona Terrace', NULL, 'Elena', NULL, '5815', 'Argentina', 3.1300, 'Cash', '2016-06-15 00:00:00', 'Shipped', NULL, NULL),
	(4163, 208, 49, '2017-02-23 00:00:00', '2016-06-05 00:00:00', 'Douglas Parker', '79 Mariners Cove Plaza', NULL, '?af?shahr', NULL, NULL, 'Iran', 1.8300, 'Cash', '2016-10-26 00:00:00', 'On Hold', NULL, NULL),
	(4164, 201, 23, '2016-10-31 00:00:00', '2017-01-07 00:00:00', 'Laura Stewart', '97911 Meadow Ridge Road', NULL, 'Hexi', NULL, NULL, 'China', 1.2400, 'Checque', '2017-03-08 00:00:00', 'Shipped', NULL, NULL),
	(4165, 202, 27, '2017-01-07 00:00:00', '2016-10-05 00:00:00', 'Matthew Jordan', '29 Lakewood Trail', NULL, 'Kalkal Barat', NULL, NULL, 'Indonesia', 9.1900, 'Card', '2016-09-03 00:00:00', 'Shipped', NULL, NULL),
	(4166, 218, 61, '2016-03-31 00:00:00', '2017-03-03 00:00:00', 'Denise Mason', '79 Carberry Alley', NULL, 'Va?n Gia?', NULL, NULL, 'Vietnam', 7.7800, 'Card', '2016-03-23 00:00:00', 'New', NULL, NULL),
	(4167, 220, 56, '2016-11-12 00:00:00', '2016-06-18 00:00:00', 'Phillip Castillo', '9910 Reindahl Parkway', NULL, 'Shangyanzhuang', NULL, NULL, 'China', 2.4800, 'Card', '2016-07-14 00:00:00', 'Complete', NULL, NULL),
	(4168, 201, 41, '2016-07-10 00:00:00', '2016-07-29 00:00:00', 'Dorothy Nelson', '8 Hermina Terrace', NULL, 'Petrolina', NULL, '56300-000', 'Brazil', 1.5200, 'Checque', '2016-11-11 00:00:00', 'Shipped', NULL, NULL),
	(4169, 218, 100, '2016-12-18 00:00:00', '2016-12-02 00:00:00', 'Lawrence Willis', '21 Northland Trail', NULL, 'Bukor', NULL, NULL, 'Serbia', 2.2800, 'Card', '2017-01-06 00:00:00', 'New', NULL, NULL),
	(4170, 218, 6, '2016-10-31 00:00:00', '2016-10-20 00:00:00', 'Jonathan Banks', '5748 Kings Hill', NULL, 'Tianning', NULL, NULL, 'China', 5.7100, 'Checque', '2016-06-02 00:00:00', 'Shipped', NULL, NULL),
	(4171, 211, 93, '2016-11-16 00:00:00', '2017-01-20 00:00:00', 'Gary Green', '001 Straubel Point', NULL, 'Huangshapu', NULL, NULL, 'China', 3.6000, 'Cash', '2016-12-12 00:00:00', 'Complete', NULL, NULL),
	(4172, 203, 46, '2016-10-16 00:00:00', '2016-09-08 00:00:00', 'Nancy Bryant', '367 Gateway Park', NULL, 'Zhutang', NULL, NULL, 'China', 2.1900, 'Cash', '2017-02-15 00:00:00', 'Shipped', NULL, NULL),
	(4173, 208, 72, '2016-08-27 00:00:00', '2016-04-09 00:00:00', 'Jeremy Rose', '8 Service Lane', NULL, 'Jinshandian', NULL, NULL, 'China', 8.0900, 'Checque', '2017-01-18 00:00:00', 'On Hold', NULL, NULL),
	(4174, 212, 88, '2016-06-25 00:00:00', '2016-08-21 00:00:00', 'Rebecca Gibson', '74 American Crossing', NULL, 'Canmang', NULL, NULL, 'China', 1.3100, 'Card', '2017-02-08 00:00:00', 'New', NULL, NULL),
	(4175, 208, 75, '2017-02-28 00:00:00', '2017-01-03 00:00:00', 'Marilyn Hanson', '676 Service Crossing', NULL, 'Rac?awice', NULL, '32-222', 'Poland', 2.8800, 'Checque', '2017-02-18 00:00:00', 'New', NULL, NULL),
	(4176, 204, 1, '2016-09-23 00:00:00', '2016-08-16 00:00:00', 'Denise Hanson', '8 Lakewood Crossing', NULL, 'Huaizhong', NULL, NULL, 'China', 9.4800, 'Card', '2016-12-30 00:00:00', 'On Hold', NULL, NULL),
	(4177, 204, 20, '2017-03-02 00:00:00', '2016-12-27 00:00:00', 'John Shaw', '4752 Meadow Ridge Lane', NULL, 'Sosnovo-Ozerskoye', NULL, '612955', 'Russia', 7.1700, 'Checque', '2016-06-21 00:00:00', 'On Hold', NULL, NULL),
	(4178, 202, 30, '2016-03-20 00:00:00', '2016-10-17 00:00:00', 'Russell Fernandez', '5941 Esch Lane', NULL, 'Shuiyang', NULL, NULL, 'China', 1.0400, 'Checque', '2017-01-05 00:00:00', 'On Hold', NULL, NULL),
	(4179, 202, 27, '2017-01-14 00:00:00', '2016-07-31 00:00:00', 'Annie Ruiz', '67778 Butterfield Trail', NULL, 'Qaly?b', NULL, NULL, 'Egypt', 5.5100, 'Card', '2016-05-12 00:00:00', 'Shipped', NULL, NULL),
	(4180, 208, 1, '2017-03-16 00:00:00', '2016-04-04 00:00:00', 'Ashley Gonzales', '88504 Johnson Street', NULL, 'Salingogan', NULL, '6417', 'Philippines', 7.5600, 'Checque', '2016-07-26 00:00:00', 'Shipped', NULL, NULL),
	(4181, 203, 70, '2016-03-25 00:00:00', '2016-11-06 00:00:00', 'Richard George', '54 3rd Circle', NULL, 'Haibeitou', NULL, NULL, 'China', 1.9900, 'Cash', '2016-09-05 00:00:00', 'New', NULL, NULL),
	(4182, 219, 69, '2016-04-11 00:00:00', '2017-02-03 00:00:00', 'David Harris', '2 Menomonie Pass', NULL, 'Oslo', 'Oslo', '0188', 'Norway', 1.9300, 'Checque', '2016-11-30 00:00:00', 'Shipped', NULL, NULL),
	(4183, 211, 25, '2016-12-08 00:00:00', '2016-11-16 00:00:00', 'Catherine Reynolds', '302 Autumn Leaf Parkway', NULL, 'Lameiras', 'Lisboa', '2715-145', 'Portugal', 6.6800, 'Cash', '2016-04-02 00:00:00', 'Shipped', NULL, NULL),
	(4184, 217, 73, '2016-06-19 00:00:00', '2016-11-29 00:00:00', 'Donald Moreno', '690 Laurel Park', NULL, 'Sinisian', NULL, '4212', 'Philippines', 3.1000, 'Checque', '2017-01-06 00:00:00', 'New', NULL, NULL),
	(4185, 210, 34, '2016-07-03 00:00:00', '2016-05-23 00:00:00', 'Ryan Thomas', '45044 Harper Place', NULL, 'Mad?nat Lab‘?s', NULL, NULL, 'Yemen', 6.3100, 'Cash', '2016-06-27 00:00:00', 'Complete', NULL, NULL),
	(4186, 206, 91, '2016-05-26 00:00:00', '2016-09-09 00:00:00', 'Ruby Lynch', '8350 Karstens Parkway', NULL, 'Puyo', NULL, NULL, 'Ecuador', 6.0700, 'Checque', '2016-05-10 00:00:00', 'Shipped', NULL, NULL),
	(4187, 208, 64, '2016-05-31 00:00:00', '2016-10-16 00:00:00', 'Linda Robinson', '6069 Chive Plaza', NULL, 'Joutseno', NULL, '54101', 'Finland', 3.1100, 'Card', '2016-05-15 00:00:00', 'Shipped', NULL, NULL),
	(4188, 216, 41, '2017-02-07 00:00:00', '2016-03-28 00:00:00', 'Bonnie Morris', '2611 Comanche Junction', NULL, 'Lacombe', 'Alberta', 'T4L', 'Canada', 2.5300, 'Checque', '2016-08-31 00:00:00', 'New', NULL, NULL),
	(4189, 206, 51, '2016-12-20 00:00:00', '2016-12-08 00:00:00', 'Dennis Gardner', '2348 Blue Bill Park Crossing', NULL, 'Ngkiong', NULL, NULL, 'Indonesia', 5.1000, 'Checque', '2016-11-28 00:00:00', 'New', NULL, NULL),
	(4190, 220, 54, '2016-08-06 00:00:00', '2016-08-27 00:00:00', 'Carolyn Matthews', '817 Ohio Point', NULL, 'Orekhovo-Zuyevo', NULL, '142609', 'Russia', 7.5200, 'Card', '2016-03-22 00:00:00', 'On Hold', NULL, NULL),
	(4191, 207, 96, '2016-07-03 00:00:00', '2016-06-18 00:00:00', 'Jesse Parker', '3 Eastwood Terrace', NULL, 'Berezovo', NULL, NULL, 'Ukraine', 6.6400, 'Checque', '2016-05-07 00:00:00', 'New', NULL, NULL),
	(4192, 216, 18, '2016-06-05 00:00:00', '2017-01-11 00:00:00', 'Ann Gilbert', '6 Oak Valley Lane', NULL, 'Caijiang', NULL, NULL, 'China', 3.7200, 'Cash', '2016-11-17 00:00:00', 'On Hold', NULL, NULL),
	(4193, 208, 22, '2016-06-26 00:00:00', '2017-02-22 00:00:00', 'Martha Hawkins', '57581 Union Road', NULL, 'Ilinden', NULL, '1041', 'Macedonia', 5.6400, 'Cash', '2016-05-23 00:00:00', 'On Hold', NULL, NULL),
	(4194, 207, 42, '2017-02-03 00:00:00', '2017-01-08 00:00:00', 'Jeffrey Hart', '83 Green Ridge Point', NULL, 'Wangcheng', NULL, NULL, 'China', 1.1500, 'Checque', '2016-12-07 00:00:00', 'Shipped', NULL, NULL),
	(4195, 217, 28, '2016-10-18 00:00:00', '2016-05-01 00:00:00', 'Joseph Riley', '54373 Coleman Street', NULL, 'Karangbungur', NULL, NULL, 'Indonesia', 5.9000, 'Cash', '2016-04-23 00:00:00', 'Complete', NULL, NULL),
	(4196, 207, 78, '2016-07-09 00:00:00', '2016-07-15 00:00:00', 'Brian Dean', '9 Stone Corner Hill', NULL, 'Dambulla', NULL, '21100', 'Sri Lanka', 5.1500, 'Checque', '2016-07-09 00:00:00', 'On Hold', NULL, NULL),
	(4197, 204, 38, '2016-07-19 00:00:00', '2016-04-13 00:00:00', 'Christine Campbell', '47302 Porter Junction', NULL, 'Dananshan', NULL, NULL, 'China', 6.7400, 'Card', '2016-11-07 00:00:00', 'Complete', NULL, NULL),
	(4198, 201, 7, '2017-03-02 00:00:00', '2016-08-16 00:00:00', 'Ruth Mcdonald', '401 Erie Avenue', NULL, 'Borkowice', NULL, '26-422', 'Poland', 3.2400, 'Cash', '2016-04-17 00:00:00', 'New', NULL, NULL),
	(4199, 216, 87, '2016-12-14 00:00:00', '2017-03-05 00:00:00', 'Jean Armstrong', '450 Sullivan Avenue', NULL, 'Carpenter', NULL, '2009', 'Philippines', 4.2500, 'Cash', '2016-07-11 00:00:00', 'Complete', NULL, NULL),
	(4200, 218, 8, '2017-02-01 00:00:00', '2016-04-17 00:00:00', 'Gary Price', '775 Butterfield Lane', NULL, 'Vaasa', NULL, '66999', 'Finland', 5.3600, 'Card', '2016-07-09 00:00:00', 'Shipped', NULL, NULL),
	(4201, 217, 77, '2016-11-10 00:00:00', '2016-11-13 00:00:00', 'Carolyn Scott', '5878 Badeau Lane', NULL, 'Kazanskaya', NULL, '396614', 'Russia', 7.9400, 'Card', '2016-12-09 00:00:00', 'New', NULL, NULL),
	(4202, 204, 10, '2016-08-12 00:00:00', '2016-03-21 00:00:00', 'Earl Anderson', '9 Roth Court', NULL, 'Governor’s Harbour', NULL, NULL, 'Bahamas', 2.4700, 'Card', '2016-08-06 00:00:00', 'Complete', NULL, NULL),
	(4203, 204, 54, '2016-05-26 00:00:00', '2016-04-18 00:00:00', 'Elizabeth Kelley', '70 Burrows Street', NULL, 'Fucheng', NULL, NULL, 'China', 9.9400, 'Cash', '2016-08-24 00:00:00', 'Shipped', NULL, NULL),
	(4204, 208, 58, '2017-03-09 00:00:00', '2016-04-17 00:00:00', 'Julia Wilson', '46476 Burning Wood Crossing', NULL, 'Koper', NULL, '6600', 'Slovenia', 3.8200, 'Card', '2016-08-26 00:00:00', 'New', NULL, NULL),
	(4205, 208, 85, '2016-05-04 00:00:00', '2016-03-18 00:00:00', 'Jeffrey Oliver', '39 Tennessee Avenue', NULL, 'Jejkowice', NULL, '44-290', 'Poland', 7.2200, 'Card', '2016-09-23 00:00:00', 'Shipped', NULL, NULL),
	(4206, 220, 8, '2016-06-16 00:00:00', '2017-01-03 00:00:00', 'Angela Walker', '579 Miller Street', NULL, 'Hà T?nh', NULL, NULL, 'Vietnam', 1.0400, 'Checque', '2016-05-18 00:00:00', 'Complete', NULL, NULL),
	(4207, 212, 55, '2016-07-04 00:00:00', '2016-11-09 00:00:00', 'Karen Hansen', '953 Manufacturers Pass', NULL, 'Lysekil', 'Västra Götaland', '453 35', 'Sweden', 8.8100, 'Checque', '2016-03-18 00:00:00', 'New', NULL, NULL),
	(4208, 217, 96, '2016-10-26 00:00:00', '2016-07-11 00:00:00', 'Patricia West', '1 Browning Alley', NULL, 'Huayang', NULL, NULL, 'China', 7.5400, 'Card', '2016-09-15 00:00:00', 'New', NULL, NULL),
	(4209, 203, 71, '2016-08-04 00:00:00', '2017-01-01 00:00:00', 'Phillip Gardner', '30438 Mariners Cove Way', NULL, 'Phu Khiao', NULL, '36110', 'Thailand', 3.0300, 'Checque', '2016-03-31 00:00:00', 'Shipped', NULL, NULL),
	(4210, 207, 30, '2017-03-08 00:00:00', '2016-07-21 00:00:00', 'Fred Howard', '45981 Hovde Trail', NULL, 'Suncheon', NULL, NULL, 'South Korea', 1.1300, 'Checque', '2016-07-14 00:00:00', 'On Hold', NULL, NULL),
	(4211, 217, 57, '2016-05-28 00:00:00', '2017-03-11 00:00:00', 'George Wagner', '24863 Messerschmidt Road', NULL, 'Ningzhong', NULL, NULL, 'China', 6.5000, 'Checque', '2016-07-26 00:00:00', 'New', NULL, NULL),
	(4212, 213, 19, '2016-11-28 00:00:00', '2016-06-09 00:00:00', 'Clarence Russell', '85 Kropf Circle', NULL, 'Ouro Branco', NULL, '59347-000', 'Brazil', 6.8800, 'Checque', '2016-04-02 00:00:00', 'On Hold', NULL, NULL),
	(4213, 217, 51, '2016-06-25 00:00:00', '2016-05-25 00:00:00', 'Jane Johnston', '1708 Corscot Pass', NULL, '?af?shahr', NULL, NULL, 'Iran', 9.1600, 'Cash', '2016-10-12 00:00:00', 'Complete', NULL, NULL),
	(4214, 203, 88, '2017-02-19 00:00:00', '2016-03-25 00:00:00', 'John Adams', '100 Hollow Ridge Way', NULL, 'Satita', NULL, NULL, 'Syria', 3.0100, 'Cash', '2016-11-19 00:00:00', 'Shipped', NULL, NULL),
	(4215, 202, 12, '2017-01-26 00:00:00', '2016-10-07 00:00:00', 'Diana Graham', '12 Esch Park', NULL, 'Krasnokamensk', NULL, '662955', 'Russia', 9.2900, 'Checque', '2016-06-10 00:00:00', 'Shipped', NULL, NULL),
	(4216, 211, 66, '2016-07-19 00:00:00', '2016-11-30 00:00:00', 'John Henry', '448 Hanover Trail', NULL, 'Phitsanulok', NULL, '65000', 'Thailand', 7.2300, 'Card', '2016-09-22 00:00:00', 'Shipped', NULL, NULL),
	(4217, 218, 98, '2016-11-20 00:00:00', '2016-11-12 00:00:00', 'Donna Bradley', '92136 Arkansas Avenue', NULL, 'Balong Wetan', NULL, NULL, 'Indonesia', 7.7900, 'Card', '2016-12-18 00:00:00', 'New', NULL, NULL),
	(4218, 206, 5, '2016-05-04 00:00:00', '2016-08-19 00:00:00', 'Kevin Harper', '2911 Laurel Point', NULL, 'Patapan', NULL, NULL, 'Indonesia', 1.5200, 'Card', '2016-03-20 00:00:00', 'On Hold', NULL, NULL),
	(4219, 205, 76, '2016-11-15 00:00:00', '2016-12-12 00:00:00', 'Margaret Hanson', '9603 Northridge Junction', NULL, 'Mwembe', NULL, NULL, 'Tanzania', 4.7600, 'Cash', '2017-03-14 00:00:00', 'Shipped', NULL, NULL),
	(4220, 206, 62, '2016-12-30 00:00:00', '2016-10-23 00:00:00', 'Henry Bradley', '84 Lake View Plaza', NULL, 'Zheleznovodsk', NULL, '357408', 'Russia', 8.0800, 'Cash', '2017-02-23 00:00:00', 'Complete', NULL, NULL),
	(4221, 218, 91, '2016-08-07 00:00:00', '2016-08-31 00:00:00', 'Jane Fowler', '2484 Hoepker Hill', NULL, 'Huangcun', NULL, NULL, 'China', 9.3400, 'Card', '2017-01-10 00:00:00', 'Complete', NULL, NULL),
	(4222, 207, 19, '2016-05-22 00:00:00', '2016-06-25 00:00:00', 'Kimberly Peterson', '5851 Carey Crossing', NULL, 'Pochuta', NULL, '04008', 'Guatemala', 9.1600, 'Card', '2016-04-25 00:00:00', 'Shipped', NULL, NULL),
	(4223, 203, 69, '2017-02-13 00:00:00', '2016-09-18 00:00:00', 'Nicholas Simpson', '9 Hudson Way', NULL, 'Chashan', NULL, NULL, 'China', 5.3700, 'Checque', '2017-01-01 00:00:00', 'On Hold', NULL, NULL),
	(4224, 214, 71, '2017-02-28 00:00:00', '2016-06-18 00:00:00', 'Carol Rodriguez', '78 Grayhawk Place', NULL, 'Luntas', NULL, NULL, 'Indonesia', 1.7600, 'Card', '2016-10-06 00:00:00', 'Shipped', NULL, NULL),
	(4225, 207, 34, '2017-03-06 00:00:00', '2016-07-20 00:00:00', 'Jessica Mason', '65 Merrick Lane', NULL, 'K?ižanov', NULL, '789 01', 'Czech Republic', 9.7500, 'Card', '2016-12-28 00:00:00', 'New', NULL, NULL),
	(4226, 209, 74, '2016-06-04 00:00:00', '2017-01-15 00:00:00', 'Jeffrey Sims', '05441 Wayridge Pass', NULL, 'Rennes', 'Bretagne', '35047 CEDEX 9', 'France', 9.0900, 'Checque', '2016-05-19 00:00:00', 'Shipped', NULL, NULL),
	(4227, 205, 74, '2016-09-09 00:00:00', '2017-01-06 00:00:00', 'Arthur Simmons', '733 Logan Circle', NULL, 'Dzhankoy', NULL, NULL, 'Ukraine', 2.5100, 'Checque', '2017-01-25 00:00:00', 'New', NULL, NULL),
	(4228, 207, 52, '2017-01-30 00:00:00', '2017-01-08 00:00:00', 'Kevin Williams', '3561 6th Trail', NULL, 'Narganá', NULL, NULL, 'Panama', 7.3200, 'Cash', '2016-06-24 00:00:00', 'On Hold', NULL, NULL),
	(4229, 209, 76, '2016-05-05 00:00:00', '2016-07-11 00:00:00', 'Joe Stewart', '0314 Ryan Parkway', NULL, 'San Jose', 'Oaxaca', '69570', 'Mexico', 9.2800, 'Checque', '2016-05-06 00:00:00', 'Shipped', NULL, NULL),
	(4230, 214, 2, '2016-09-19 00:00:00', '2016-09-08 00:00:00', 'Walter Barnes', '80695 Stone Corner Road', NULL, 'Busdi', NULL, '6210', 'Philippines', 5.9700, 'Checque', '2016-07-19 00:00:00', 'Shipped', NULL, NULL),
	(4231, 211, 55, '2016-08-27 00:00:00', '2016-10-04 00:00:00', 'Sean Holmes', '91 Becker Drive', NULL, 'Gezan', NULL, NULL, 'China', 3.8100, 'Checque', '2016-06-14 00:00:00', 'Shipped', NULL, NULL),
	(4232, 209, 14, '2016-04-01 00:00:00', '2017-03-06 00:00:00', 'Sandra Perez', '45373 Buhler Park', NULL, 'Ust’-Kut', NULL, '162176', 'Russia', 4.2500, 'Cash', '2017-01-22 00:00:00', 'Shipped', NULL, NULL),
	(4233, 205, 96, '2016-09-27 00:00:00', '2016-07-03 00:00:00', 'Sara Kelly', '73457 Buhler Court', NULL, 'Sima', NULL, NULL, 'Comoros', 7.2000, 'Card', '2016-12-14 00:00:00', 'Complete', NULL, NULL),
	(4234, 217, 74, '2016-11-22 00:00:00', '2017-01-18 00:00:00', 'Edward Reid', '02 Westport Trail', NULL, 'Tchaourou', NULL, NULL, 'Benin', 3.5000, 'Cash', '2016-12-25 00:00:00', 'New', NULL, NULL),
	(4235, 206, 69, '2016-03-17 00:00:00', '2016-10-29 00:00:00', 'Betty Cook', '83578 Ohio Avenue', NULL, 'Stockholm', 'Stockholm', '101 22', 'Sweden', 6.1700, 'Checque', '2016-09-02 00:00:00', 'On Hold', NULL, NULL),
	(4236, 217, 97, '2017-02-06 00:00:00', '2016-07-01 00:00:00', 'Diana Ellis', '49 Jenna Circle', NULL, 'Yanshan', NULL, NULL, 'China', 6.0600, 'Checque', '2016-07-16 00:00:00', 'Complete', NULL, NULL),
	(4237, 216, 17, '2016-11-30 00:00:00', '2016-10-02 00:00:00', 'Donald Miller', '8581 Farragut Junction', NULL, 'Yosowilangun', NULL, NULL, 'Indonesia', 8.9000, 'Checque', '2016-11-01 00:00:00', 'Complete', NULL, NULL),
	(4238, 203, 21, '2017-02-09 00:00:00', '2016-12-14 00:00:00', 'Eric Coleman', '9242 Badeau Street', NULL, 'Caiyuan', NULL, NULL, 'China', 4.1000, 'Checque', '2016-06-07 00:00:00', 'Shipped', NULL, NULL),
	(4239, 213, 23, '2016-09-15 00:00:00', '2016-11-04 00:00:00', 'Heather Vasquez', '454 Gale Hill', NULL, 'Susoh', NULL, NULL, 'Indonesia', 1.5900, 'Checque', '2016-10-25 00:00:00', 'New', NULL, NULL),
	(4240, 208, 2, '2016-05-28 00:00:00', '2016-05-21 00:00:00', 'Martin Sims', '30 Bunting Center', NULL, 'Efeng', NULL, NULL, 'China', 1.9200, 'Cash', '2016-12-15 00:00:00', 'Complete', NULL, NULL),
	(4241, 202, 85, '2017-02-05 00:00:00', '2016-08-13 00:00:00', 'Catherine Washington', '637 Hermina Court', NULL, 'San Francisco', 'Jalisco', '46175', 'Mexico', 6.4900, 'Card', '2016-12-20 00:00:00', 'On Hold', NULL, NULL),
	(4242, 204, 17, '2016-10-04 00:00:00', '2016-05-13 00:00:00', 'Gary Kennedy', '2 Grasskamp Point', NULL, 'Famaillá', NULL, '4132', 'Argentina', 9.7800, 'Card', '2016-12-03 00:00:00', 'Complete', NULL, NULL),
	(4243, 205, 86, '2016-04-15 00:00:00', '2016-05-25 00:00:00', 'Pamela Parker', '43642 Utah Point', NULL, 'Santa Rosa', 'Nuevo Leon', '67803', 'Mexico', 1.7800, 'Card', '2017-02-16 00:00:00', 'Shipped', NULL, NULL),
	(4244, 208, 3, '2016-08-02 00:00:00', '2017-03-13 00:00:00', 'Michelle Russell', '947 Jenna Place', NULL, 'Kinshasa', NULL, NULL, 'Democratic Republic of the Congo', 8.4300, 'Cash', '2016-04-13 00:00:00', 'New', NULL, NULL),
	(4245, 210, 32, '2016-06-16 00:00:00', '2016-07-14 00:00:00', 'Lois Jenkins', '1 Pepper Wood Road', NULL, 'Kallinge', 'Blekinge', '372 53', 'Sweden', 4.7700, 'Cash', '2016-03-17 00:00:00', 'On Hold', NULL, NULL),
	(4246, 203, 39, '2017-02-04 00:00:00', '2016-08-08 00:00:00', 'Kelly Ramirez', '20490 Eagle Crest Circle', NULL, 'Baraba', NULL, '623509', 'Russia', 8.6500, 'Cash', '2016-10-04 00:00:00', 'Complete', NULL, NULL),
	(4247, 202, 24, '2016-05-05 00:00:00', '2016-11-26 00:00:00', 'Harold Gray', '9033 Elmside Plaza', NULL, 'N’dalatando', NULL, NULL, 'Angola', 2.7800, 'Cash', '2016-07-24 00:00:00', 'New', NULL, NULL),
	(4248, 210, 16, '2017-01-27 00:00:00', '2017-03-14 00:00:00', 'Dennis Fisher', '4 Sage Road', NULL, 'Niederanven', NULL, 'L-6948', 'Luxembourg', 1.2600, 'Checque', '2016-05-12 00:00:00', 'On Hold', NULL, NULL),
	(4249, 203, 20, '2016-07-21 00:00:00', '2016-12-08 00:00:00', 'Antonio Wells', '99743 Algoma Hill', NULL, 'M?d?yah', NULL, NULL, 'Yemen', 4.3600, 'Card', '2016-05-28 00:00:00', 'Complete', NULL, NULL),
	(4250, 217, 88, '2016-05-31 00:00:00', '2016-10-17 00:00:00', 'William Gonzales', '3258 Holy Cross Way', NULL, 'Yangdun', NULL, NULL, 'China', 7.0600, 'Checque', '2016-04-13 00:00:00', 'New', NULL, NULL),
	(4251, 211, 1, '2017-03-04 00:00:00', '2016-10-27 00:00:00', 'Ronald Ward', '5 Logan Terrace', NULL, 'Tanahmerah', NULL, NULL, 'Indonesia', 4.3800, 'Card', '2016-09-22 00:00:00', 'On Hold', NULL, NULL),
	(4252, 217, 87, '2016-12-29 00:00:00', '2016-09-18 00:00:00', 'Gloria Boyd', '10 Grayhawk Hill', NULL, 'Boromlya', NULL, NULL, 'Ukraine', 4.8400, 'Cash', '2016-08-01 00:00:00', 'On Hold', NULL, NULL),
	(4253, 212, 99, '2017-02-02 00:00:00', '2016-04-28 00:00:00', 'Raymond Scott', '3 Donald Trail', NULL, 'Lakshm?pur', NULL, '1553', 'Bangladesh', 8.3700, 'Cash', '2016-12-06 00:00:00', 'On Hold', NULL, NULL),
	(4254, 201, 7, '2016-11-28 00:00:00', '2016-04-11 00:00:00', 'Arthur Hamilton', '95 Doe Crossing Avenue', NULL, 'Purwosari', NULL, NULL, 'Indonesia', 6.8400, 'Card', '2016-06-14 00:00:00', 'Shipped', NULL, NULL),
	(4255, 220, 100, '2016-09-30 00:00:00', '2016-10-08 00:00:00', 'Jean Wagner', '5690 Meadow Valley Alley', NULL, 'Svedala', 'Skåne', '233 94', 'Sweden', 8.5700, 'Checque', '2017-01-06 00:00:00', 'Shipped', NULL, NULL),
	(4256, 218, 78, '2016-04-28 00:00:00', '2016-04-03 00:00:00', 'Kimberly Rose', '6067 Twin Pines Hill', NULL, 'Capinzal', NULL, '89665-000', 'Brazil', 6.0700, 'Checque', '2016-05-18 00:00:00', 'New', NULL, NULL),
	(4257, 213, 44, '2016-11-04 00:00:00', '2016-03-28 00:00:00', 'Doris Foster', '170 Chive Court', NULL, 'Lang', NULL, NULL, 'China', 1.7200, 'Card', '2016-10-20 00:00:00', 'Shipped', NULL, NULL),
	(4258, 208, 46, '2017-01-11 00:00:00', '2016-09-25 00:00:00', 'Teresa Reynolds', '3 Prairie Rose Alley', NULL, 'Tashang', NULL, NULL, 'China', 4.8400, 'Card', '2016-10-16 00:00:00', 'On Hold', NULL, NULL),
	(4259, 215, 89, '2016-07-07 00:00:00', '2016-12-29 00:00:00', 'Christine Turner', '0746 Heffernan Center', NULL, 'Henggang', NULL, NULL, 'China', 6.8100, 'Cash', '2016-08-21 00:00:00', 'New', NULL, NULL),
	(4260, 210, 23, '2016-10-26 00:00:00', '2017-02-10 00:00:00', 'Jimmy Jordan', '903 Anniversary Trail', NULL, 'Elaiochóri', NULL, NULL, 'Greece', 9.6600, 'Cash', '2017-01-10 00:00:00', 'Complete', NULL, NULL),
	(4261, 207, 20, '2016-11-07 00:00:00', '2017-02-17 00:00:00', 'Andrew Baker', '3 Pennsylvania Park', NULL, 'Kansas City', 'Missouri', '64130', 'United States', 5.4600, 'Cash', '2016-11-20 00:00:00', 'Complete', NULL, NULL),
	(4262, 203, 32, '2017-02-21 00:00:00', '2016-11-17 00:00:00', 'Diana Dixon', '18520 Maryland Drive', NULL, 'Santa Catalina', NULL, '2701', 'Philippines', 4.6600, 'Card', '2017-01-09 00:00:00', 'On Hold', NULL, NULL),
	(4263, 210, 10, '2017-02-28 00:00:00', '2017-02-26 00:00:00', 'Karen Miller', '5608 Moose Court', NULL, 'Torres Vedras', 'Lisboa', '2560-234', 'Portugal', 5.7100, 'Card', '2016-11-30 00:00:00', 'New', NULL, NULL),
	(4264, 214, 39, '2017-01-09 00:00:00', '2016-10-24 00:00:00', 'Angela Austin', '9659 Vera Point', NULL, 'Santiaoshi', NULL, NULL, 'China', 6.5900, 'Checque', '2016-05-07 00:00:00', 'Shipped', NULL, NULL),
	(4265, 203, 3, '2016-11-11 00:00:00', '2016-11-22 00:00:00', 'Steve Snyder', '7626 Hoepker Junction', NULL, 'Wulan Hada', NULL, NULL, 'China', 5.6700, 'Cash', '2017-01-01 00:00:00', 'New', NULL, NULL),
	(4266, 218, 94, '2016-04-06 00:00:00', '2016-10-02 00:00:00', 'Kevin Daniels', '24 Chinook Point', NULL, 'Bhair?haw?', NULL, NULL, 'Nepal', 8.2100, 'Card', '2016-05-12 00:00:00', 'Shipped', NULL, NULL),
	(4267, 203, 58, '2016-11-14 00:00:00', '2016-03-28 00:00:00', 'Patricia Welch', '60375 Corry Street', NULL, 'Solidaridad', 'Veracruz Llave', '94330', 'Mexico', 2.7700, 'Card', '2017-02-02 00:00:00', 'On Hold', NULL, NULL),
	(4268, 218, 2, '2016-07-02 00:00:00', '2016-08-14 00:00:00', 'Wanda Reynolds', '965 Calypso Circle', NULL, 'Dera Bugti', NULL, '80100', 'Pakistan', 8.8600, 'Checque', '2017-01-30 00:00:00', 'On Hold', NULL, NULL),
	(4269, 216, 47, '2017-03-11 00:00:00', '2016-07-16 00:00:00', 'Harold Williamson', '14332 Texas Junction', NULL, 'Mzimba', NULL, NULL, 'Malawi', 2.4700, 'Cash', '2016-06-01 00:00:00', 'Shipped', NULL, NULL),
	(4270, 213, 62, '2016-11-09 00:00:00', '2017-02-07 00:00:00', 'Juan Fox', '17 Eagan Crossing', NULL, 'Xiayang', NULL, NULL, 'China', 7.6300, 'Card', '2017-02-17 00:00:00', 'Shipped', NULL, NULL),
	(4271, 211, 70, '2016-04-16 00:00:00', '2016-04-26 00:00:00', 'Ryan Long', '0 Harper Circle', NULL, 'Blagoveshchenka', NULL, '658670', 'Russia', 3.2000, 'Card', '2016-09-10 00:00:00', 'Complete', NULL, NULL),
	(4272, 206, 29, '2016-03-25 00:00:00', '2016-10-07 00:00:00', 'Frank Cole', '07 Westend Place', NULL, 'Laixi', NULL, NULL, 'China', 1.9300, 'Cash', '2016-05-01 00:00:00', 'New', NULL, NULL),
	(4273, 209, 25, '2016-05-06 00:00:00', '2016-04-13 00:00:00', 'Tammy Wilson', '74278 Grim Pass', NULL, 'Åkersberga', 'Stockholm', '184 70', 'Sweden', 2.8300, 'Card', '2016-10-29 00:00:00', 'Complete', NULL, NULL),
	(4274, 206, 82, '2017-02-07 00:00:00', '2017-03-06 00:00:00', 'Joan Gonzales', '40 Stephen Street', NULL, 'Tlogoagung', NULL, NULL, 'Indonesia', 3.4400, 'Checque', '2016-10-14 00:00:00', 'Complete', NULL, NULL),
	(4275, 203, 91, '2016-10-10 00:00:00', '2016-11-04 00:00:00', 'Jeffrey Hughes', '38 Toban Plaza', NULL, 'Privas', 'Rhône-Alpes', '07004 CEDEX', 'France', 8.3300, 'Card', '2016-04-23 00:00:00', 'On Hold', NULL, NULL),
	(4276, 210, 89, '2016-05-14 00:00:00', '2016-09-03 00:00:00', 'Rachel Martin', '08 Lake View Hill', NULL, 'Sandgerði', NULL, '245', 'Iceland', 2.0700, 'Cash', '2016-06-07 00:00:00', 'Complete', NULL, NULL),
	(4277, 208, 97, '2016-04-06 00:00:00', '2016-07-02 00:00:00', 'Laura Harper', '1 Dexter Street', NULL, 'Xintaimen', NULL, NULL, 'China', 8.0800, 'Checque', '2016-05-11 00:00:00', 'Shipped', NULL, NULL),
	(4278, 215, 3, '2017-03-04 00:00:00', '2017-03-08 00:00:00', 'Annie Rivera', '5975 Debra Park', NULL, 'Canchaque', NULL, NULL, 'Peru', 5.6500, 'Checque', '2016-04-09 00:00:00', 'Complete', NULL, NULL),
	(4279, 201, 6, '2017-03-01 00:00:00', '2016-08-06 00:00:00', 'Pamela Graham', '2 Monument Avenue', NULL, 'Danxi', NULL, NULL, 'China', 2.0500, 'Checque', '2016-05-23 00:00:00', 'New', NULL, NULL),
	(4280, 202, 35, '2017-02-04 00:00:00', '2016-06-09 00:00:00', 'Joseph Jenkins', '00001 Fairfield Center', NULL, 'Masht?l as S?q', NULL, NULL, 'Egypt', 5.3200, 'Card', '2016-12-28 00:00:00', 'New', NULL, NULL),
	(4281, 203, 76, '2016-05-19 00:00:00', '2016-07-29 00:00:00', 'Eugene Garcia', '8308 Onsgard Lane', NULL, 'Limoncito', NULL, NULL, 'Bolivia', 4.0700, 'Card', '2016-10-20 00:00:00', 'Shipped', NULL, NULL),
	(4282, 204, 27, '2016-07-20 00:00:00', '2016-09-26 00:00:00', 'Kevin Anderson', '8 Thierer Center', NULL, 'Saint-Étienne', 'Rhône-Alpes', '42963 CEDEX 9', 'France', 4.8800, 'Card', '2016-07-21 00:00:00', 'Complete', NULL, NULL),
	(4283, 214, 50, '2016-11-27 00:00:00', '2016-06-14 00:00:00', 'Robin Parker', '51949 Forster Parkway', NULL, 'Laval', 'Pays de la Loire', '53009 CEDEX', 'France', 1.0400, 'Checque', '2016-04-20 00:00:00', 'Complete', NULL, NULL),
	(4284, 214, 74, '2016-11-29 00:00:00', '2016-12-08 00:00:00', 'Kelly Palmer', '2 Hauk Hill', NULL, 'Östersund', 'Jämtland', '831 17', 'Sweden', 4.2600, 'Card', '2016-10-08 00:00:00', 'Complete', NULL, NULL),
	(4285, 214, 76, '2016-10-22 00:00:00', '2016-05-05 00:00:00', 'Diane Freeman', '5441 Petterle Way', NULL, 'El Tambo', NULL, NULL, 'Peru', 7.1700, 'Checque', '2016-09-27 00:00:00', 'New', NULL, NULL),
	(4286, 209, 96, '2016-11-08 00:00:00', '2016-08-26 00:00:00', 'Kathleen Adams', '423 Talisman Point', NULL, 'Kurume', NULL, '963-8846', 'Japan', 1.9900, 'Cash', '2016-05-19 00:00:00', 'On Hold', NULL, NULL),
	(4287, 204, 76, '2016-10-18 00:00:00', '2017-01-15 00:00:00', 'Teresa Mendoza', '818 Atwood Lane', NULL, 'Mosteiro', 'Viana do Castelo', '4980-125', 'Portugal', 3.2900, 'Cash', '2016-10-03 00:00:00', 'On Hold', NULL, NULL),
	(4288, 210, 45, '2016-10-15 00:00:00', '2016-12-14 00:00:00', 'Irene Anderson', '4 Rutledge Alley', NULL, 'Saparua', NULL, NULL, 'Indonesia', 4.3500, 'Card', '2016-10-13 00:00:00', 'On Hold', NULL, NULL),
	(4289, 209, 61, '2017-02-12 00:00:00', '2016-07-15 00:00:00', 'Terry Bennett', '351 Johnson Circle', NULL, 'Quiling', NULL, '2902', 'Philippines', 6.7700, 'Card', '2016-07-20 00:00:00', 'New', NULL, NULL),
	(4290, 203, 1, '2017-03-02 00:00:00', '2016-08-25 00:00:00', 'Ronald Mccoy', '73609 Waywood Center', NULL, 'Zheleznodorozhnyy', NULL, '238411', 'Russia', 1.0500, 'Cash', '2016-06-10 00:00:00', 'New', NULL, NULL),
	(4291, 211, 73, '2016-09-13 00:00:00', '2016-04-17 00:00:00', 'Andrew Matthews', '820 Lawn Crossing', NULL, 'Japeri', NULL, '26400-000', 'Brazil', 1.2200, 'Cash', '2016-09-08 00:00:00', 'New', NULL, NULL),
	(4292, 215, 15, '2016-12-26 00:00:00', '2016-10-04 00:00:00', 'Melissa Chapman', '88384 Ohio Park', NULL, 'Dayr al Ghu??n', NULL, NULL, 'Palestinian Territory', 9.8900, 'Checque', '2016-08-14 00:00:00', 'Shipped', NULL, NULL),
	(4293, 210, 18, '2016-11-23 00:00:00', '2016-12-12 00:00:00', 'Russell Griffin', '6 Eliot Lane', NULL, 'Changshu City', NULL, NULL, 'China', 9.3700, 'Checque', '2016-05-10 00:00:00', 'On Hold', NULL, NULL),
	(4294, 206, 95, '2016-06-24 00:00:00', '2017-01-21 00:00:00', 'Jeffrey Gray', '04078 Hudson Drive', NULL, 'Luangwa', NULL, NULL, 'Zambia', 2.5800, 'Cash', '2016-06-15 00:00:00', 'Shipped', NULL, NULL),
	(4295, 215, 85, '2016-10-23 00:00:00', '2017-01-29 00:00:00', 'Lori Frazier', '724 Logan Drive', NULL, 'Gent', 'Vlaanderen', '9052', 'Belgium', 8.5900, 'Cash', '2017-01-01 00:00:00', 'New', NULL, NULL),
	(4296, 217, 83, '2016-04-08 00:00:00', '2017-02-07 00:00:00', 'Joan Ortiz', '90 Merchant Avenue', NULL, 'Irasan', NULL, '3120', 'Philippines', 4.6400, 'Card', '2016-09-01 00:00:00', 'Complete', NULL, NULL),
	(4297, 211, 29, '2016-07-13 00:00:00', '2017-02-06 00:00:00', 'John Stanley', '680 Artisan Pass', NULL, 'Borås', 'Västra Götaland', '504 75', 'Sweden', 1.7700, 'Cash', '2016-07-12 00:00:00', 'On Hold', NULL, NULL),
	(4298, 208, 65, '2016-12-28 00:00:00', '2016-04-19 00:00:00', 'Dorothy Bell', '397 Kim Place', NULL, 'Zhongxin', NULL, NULL, 'China', 1.2000, 'Checque', '2017-01-28 00:00:00', 'On Hold', NULL, NULL),
	(4299, 201, 43, '2017-01-12 00:00:00', '2016-08-07 00:00:00', 'Doris Ramirez', '181 Prentice Terrace', NULL, 'Severnyy', NULL, '141707', 'Russia', 2.6500, 'Card', '2016-08-13 00:00:00', 'Shipped', NULL, NULL),
	(4300, 207, 27, '2016-11-10 00:00:00', '2016-11-01 00:00:00', 'Elizabeth Harrison', '067 Talisman Trail', NULL, 'Guangang', NULL, NULL, 'China', 4.7800, 'Checque', '2016-04-30 00:00:00', 'On Hold', NULL, NULL),
	(4301, 206, 64, '2016-08-14 00:00:00', '2017-01-13 00:00:00', 'Judith Howard', '55095 Sloan Alley', NULL, 'Longhua', NULL, NULL, 'China', 1.9300, 'Card', '2016-10-29 00:00:00', 'New', NULL, NULL),
	(4302, 213, 33, '2017-01-19 00:00:00', '2016-05-23 00:00:00', 'Julia Simpson', '87375 Londonderry Parkway', NULL, 'Fufang', NULL, NULL, 'China', 9.2300, 'Card', '2016-11-15 00:00:00', 'Shipped', NULL, NULL),
	(4303, 220, 49, '2016-08-01 00:00:00', '2016-04-23 00:00:00', 'Elizabeth Bell', '60 Ridgeview Trail', NULL, 'Infantas', 'Braga', '4810-578', 'Portugal', 3.2200, 'Checque', '2017-02-01 00:00:00', 'Complete', NULL, NULL),
	(4304, 217, 56, '2016-09-07 00:00:00', '2016-08-13 00:00:00', 'Ernest Andrews', '231 Graceland Terrace', NULL, 'Pindamonhangaba', NULL, '12400-000', 'Brazil', 2.7700, 'Card', '2016-04-04 00:00:00', 'On Hold', NULL, NULL),
	(4305, 219, 44, '2016-06-11 00:00:00', '2016-03-27 00:00:00', 'Jeffrey Lopez', '76434 Havey Court', NULL, 'Khvalovo', NULL, '187435', 'Russia', 8.8400, 'Cash', '2016-04-14 00:00:00', 'Shipped', NULL, NULL),
	(4306, 212, 16, '2016-05-29 00:00:00', '2016-12-31 00:00:00', 'Ralph Weaver', '15 Armistice Alley', NULL, 'Odienné', NULL, NULL, 'Ivory Coast', 7.1000, 'Card', '2017-01-09 00:00:00', 'Shipped', NULL, NULL),
	(4307, 210, 16, '2016-10-19 00:00:00', '2017-01-10 00:00:00', 'Mary Stevens', '1928 Aberg Park', NULL, 'Dzwola', NULL, '23-304', 'Poland', 4.0400, 'Card', '2016-08-24 00:00:00', 'Complete', NULL, NULL),
	(4308, 220, 50, '2016-09-23 00:00:00', '2016-09-16 00:00:00', 'Douglas Welch', '9 Ryan Circle', NULL, 'Babakanloa', NULL, NULL, 'Indonesia', 1.1100, 'Card', '2016-10-13 00:00:00', 'Shipped', NULL, NULL),
	(4309, 217, 99, '2016-10-17 00:00:00', '2017-01-01 00:00:00', 'Raymond Cruz', '0402 Burning Wood Alley', NULL, 'Bucay', NULL, '2805', 'Philippines', 9.2700, 'Cash', '2016-06-02 00:00:00', 'Complete', NULL, NULL),
	(4310, 219, 65, '2016-04-14 00:00:00', '2016-05-14 00:00:00', 'Sara Frazier', '43 Truax Terrace', NULL, 'Halton', 'England', 'LS9', 'United Kingdom', 5.5600, 'Checque', '2016-12-04 00:00:00', 'New', NULL, NULL),
	(4311, 220, 17, '2017-02-03 00:00:00', '2016-07-09 00:00:00', 'Sarah Lane', '414 Gina Point', NULL, 'Fulong', NULL, NULL, 'China', 3.3500, 'Cash', '2016-12-27 00:00:00', 'New', NULL, NULL),
	(4312, 205, 77, '2017-02-27 00:00:00', '2016-04-10 00:00:00', 'Michelle Bradley', '16664 Towne Point', NULL, 'Yangchun', NULL, NULL, 'China', 8.6400, 'Cash', '2017-01-28 00:00:00', 'Complete', NULL, NULL),
	(4313, 210, 68, '2016-08-29 00:00:00', '2016-10-27 00:00:00', 'Marie Porter', '7802 Hovde Plaza', NULL, 'Redakodi', NULL, NULL, 'Indonesia', 1.9700, 'Cash', '2016-11-08 00:00:00', 'Complete', NULL, NULL),
	(4314, 207, 41, '2016-08-08 00:00:00', '2016-08-31 00:00:00', 'Melissa Moore', '438 Mendota Way', NULL, 'Bensonville', NULL, NULL, 'Liberia', 7.9700, 'Cash', '2017-01-17 00:00:00', 'New', NULL, NULL),
	(4315, 212, 96, '2016-08-08 00:00:00', '2016-07-27 00:00:00', 'Katherine Bell', '76 Manley Park', NULL, 'Xagmakajor', NULL, NULL, 'China', 7.4900, 'Cash', '2016-03-29 00:00:00', 'New', NULL, NULL),
	(4316, 209, 67, '2016-09-26 00:00:00', '2017-02-03 00:00:00', 'Katherine Elliott', '86 Nelson Point', NULL, 'Boavista', 'Aveiro', '4520-104', 'Portugal', 1.9200, 'Card', '2016-04-28 00:00:00', 'Complete', NULL, NULL),
	(4317, 219, 40, '2016-10-09 00:00:00', '2016-12-21 00:00:00', 'Dorothy Rose', '75962 Basil Drive', NULL, 'Pécs', 'Baranya', '7610', 'Hungary', 3.2300, 'Card', '2017-02-21 00:00:00', 'Shipped', NULL, NULL),
	(4318, 209, 68, '2017-01-15 00:00:00', '2017-01-03 00:00:00', 'Larry Hicks', '5985 Crest Line Road', NULL, 'Lingqiao', NULL, NULL, 'China', 2.7700, 'Checque', '2017-01-20 00:00:00', 'Complete', NULL, NULL),
	(4319, 214, 55, '2016-07-14 00:00:00', '2017-03-05 00:00:00', 'Paula Rodriguez', '6 Lawn Court', NULL, 'Simajia', NULL, NULL, 'China', 6.3300, 'Checque', '2016-04-08 00:00:00', 'Shipped', NULL, NULL),
	(4320, 203, 83, '2016-12-26 00:00:00', '2016-10-07 00:00:00', 'Sharon Richards', '43297 Rigney Avenue', NULL, 'Salto', NULL, NULL, 'Uruguay', 7.3200, 'Checque', '2016-09-14 00:00:00', 'Complete', NULL, NULL),
	(4321, 215, 29, '2016-12-27 00:00:00', '2016-07-21 00:00:00', 'Craig Day', '22 Thierer Center', NULL, 'Alberton', 'Prince Edward Island', 'P7K', 'Canada', 5.3200, 'Checque', '2016-04-02 00:00:00', 'On Hold', NULL, NULL),
	(4322, 207, 80, '2016-12-06 00:00:00', '2016-05-21 00:00:00', 'Donna Butler', '4149 Bartelt Point', NULL, 'Carbonear', 'Newfoundland and Labrador', 'A1Y', 'Canada', 3.1000, 'Checque', '2016-10-03 00:00:00', 'New', NULL, NULL),
	(4323, 216, 31, '2016-06-27 00:00:00', '2017-03-13 00:00:00', 'Carolyn Ferguson', '97225 Bartelt Avenue', NULL, 'Tinalmud', NULL, '1531', 'Philippines', 7.1100, 'Cash', '2016-05-22 00:00:00', 'Complete', NULL, NULL),
	(4324, 212, 78, '2016-05-19 00:00:00', '2016-11-14 00:00:00', 'Peter Romero', '22977 Westridge Terrace', NULL, 'Toulouse', 'Midi-Pyrénées', '31029 CEDEX 4', 'France', 2.9700, 'Checque', '2016-09-09 00:00:00', 'Shipped', NULL, NULL),
	(4325, 213, 73, '2017-02-18 00:00:00', '2016-09-22 00:00:00', 'Jose Greene', '40351 Rusk Place', NULL, 'Vila Nova de Gaia', 'Porto', '4400-005', 'Portugal', 5.7600, 'Cash', '2016-12-12 00:00:00', 'Shipped', NULL, NULL),
	(4326, 208, 62, '2017-02-14 00:00:00', '2016-11-13 00:00:00', 'Betty Anderson', '8403 Melody Center', NULL, 'B?sh', NULL, NULL, 'Egypt', 9.5600, 'Checque', '2016-10-08 00:00:00', 'Shipped', NULL, NULL),
	(4327, 220, 56, '2016-09-06 00:00:00', '2016-08-17 00:00:00', 'Amanda Frazier', '47 Dapin Center', NULL, 'Pasirmanggu', NULL, NULL, 'Indonesia', 2.2500, 'Card', '2016-07-11 00:00:00', 'On Hold', NULL, NULL),
	(4328, 201, 24, '2016-10-29 00:00:00', '2017-01-25 00:00:00', 'Douglas Foster', '6953 Stoughton Avenue', NULL, 'Bokhan', NULL, '669310', 'Russia', 1.2600, 'Card', '2016-07-06 00:00:00', 'Complete', NULL, NULL),
	(4329, 206, 33, '2017-03-09 00:00:00', '2017-03-12 00:00:00', 'Louis Brown', '76 Little Fleur Park', NULL, 'Shazhenxi', NULL, NULL, 'China', 3.4000, 'Checque', '2016-08-09 00:00:00', 'Complete', NULL, NULL),
	(4330, 205, 61, '2016-04-14 00:00:00', '2016-09-26 00:00:00', 'Elizabeth Butler', '82 Springview Road', NULL, 'Kimito', NULL, '11710', 'Finland', 1.9200, 'Card', '2016-10-18 00:00:00', 'Shipped', NULL, NULL),
	(4331, 220, 39, '2016-06-10 00:00:00', '2016-04-07 00:00:00', 'Albert Flores', '19 Talmadge Hill', NULL, 'Almelo', 'Provincie Overijssel', '7604', 'Netherlands', 4.2300, 'Checque', '2016-12-15 00:00:00', 'Shipped', NULL, NULL),
	(4332, 217, 47, '2016-10-25 00:00:00', '2016-09-28 00:00:00', 'Kimberly Fowler', '0 Trailsway Crossing', NULL, 'Iwata', NULL, '925-0145', 'Japan', 8.1400, 'Checque', '2016-06-06 00:00:00', 'On Hold', NULL, NULL),
	(4333, 209, 12, '2016-12-25 00:00:00', '2016-10-31 00:00:00', 'Joe Powell', '5 Everett Drive', NULL, 'Bergen', 'Hordaland', '5895', 'Norway', 8.0200, 'Cash', '2016-09-05 00:00:00', 'Shipped', NULL, NULL),
	(4334, 219, 1, '2016-08-12 00:00:00', '2017-02-18 00:00:00', 'Virginia Collins', '78693 Cordelia Point', NULL, 'San Benito', NULL, '8423', 'Philippines', 8.4000, 'Cash', '2017-01-06 00:00:00', 'Complete', NULL, NULL),
	(4335, 220, 59, '2017-02-26 00:00:00', '2016-11-05 00:00:00', 'Mary Howard', '5 Golf View Street', NULL, 'Gjinkar', NULL, NULL, 'Albania', 3.5400, 'Card', '2016-06-09 00:00:00', 'Complete', NULL, NULL),
	(4336, 220, 19, '2017-02-09 00:00:00', '2017-01-26 00:00:00', 'Ronald Stevens', '57 Old Shore Crossing', NULL, 'Bureng', NULL, NULL, 'Gambia', 8.2100, 'Card', '2016-12-21 00:00:00', 'On Hold', NULL, NULL),
	(4337, 204, 59, '2016-05-14 00:00:00', '2016-07-08 00:00:00', 'James Evans', '44078 Warner Drive', NULL, 'Amurzet', NULL, '679230', 'Russia', 9.3500, 'Card', '2016-07-22 00:00:00', 'Complete', NULL, NULL),
	(4338, 213, 96, '2016-09-02 00:00:00', '2016-11-10 00:00:00', 'Willie Snyder', '361 Stone Corner Pass', NULL, 'Sindangsari', NULL, NULL, 'Indonesia', 9.3200, 'Checque', '2016-04-10 00:00:00', 'Complete', NULL, NULL),
	(4339, 220, 30, '2017-03-04 00:00:00', '2016-08-16 00:00:00', 'Julie Black', '2922 Grasskamp Alley', NULL, 'Cotonou', NULL, NULL, 'Benin', 9.1400, 'Cash', '2017-03-07 00:00:00', 'Shipped', NULL, NULL),
	(4340, 206, 17, '2016-11-18 00:00:00', '2016-11-24 00:00:00', 'Roy Olson', '4 Shopko Hill', NULL, 'Binagadi', NULL, NULL, 'Azerbaijan', 5.2200, 'Checque', '2016-10-14 00:00:00', 'Shipped', NULL, NULL),
	(4341, 202, 28, '2016-11-18 00:00:00', '2017-02-18 00:00:00', 'Evelyn Lawrence', '90 Crownhardt Center', NULL, 'Bayshint', NULL, NULL, 'Mongolia', 7.2500, 'Checque', '2016-12-16 00:00:00', 'On Hold', NULL, NULL),
	(4342, 209, 37, '2016-10-30 00:00:00', '2016-06-07 00:00:00', 'John Rodriguez', '69 Golf View Avenue', NULL, 'Hezuoqiao', NULL, NULL, 'China', 8.2300, 'Cash', '2016-11-05 00:00:00', 'On Hold', NULL, NULL),
	(4343, 203, 51, '2016-04-09 00:00:00', '2016-12-17 00:00:00', 'Ruth Kim', '0027 Dunning Pass', NULL, 'Kuteynykove', NULL, NULL, 'Ukraine', 2.4600, 'Cash', '2016-03-28 00:00:00', 'New', NULL, NULL),
	(4344, 217, 34, '2016-12-16 00:00:00', '2016-10-11 00:00:00', 'Shawn Patterson', '36 Little Fleur Circle', NULL, 'Xiekou', NULL, NULL, 'China', 6.4300, 'Cash', '2016-03-27 00:00:00', 'New', NULL, NULL),
	(4345, 213, 59, '2016-10-30 00:00:00', '2016-07-10 00:00:00', 'Nancy Jones', '47088 Crowley Junction', NULL, 'Promna', NULL, '26-803', 'Poland', 5.6700, 'Cash', '2016-12-02 00:00:00', 'Complete', NULL, NULL),
	(4346, 217, 70, '2016-12-27 00:00:00', '2016-10-06 00:00:00', 'Deborah Bishop', '1 Summer Ridge Circle', NULL, 'Bunobogu', NULL, NULL, 'Indonesia', 7.5700, 'Cash', '2016-09-19 00:00:00', 'New', NULL, NULL),
	(4347, 203, 30, '2016-05-26 00:00:00', '2016-08-14 00:00:00', 'Steve Hunt', '4393 Summer Ridge Crossing', NULL, 'Hoš?ka', NULL, '348 06', 'Czech Republic', 5.7800, 'Cash', '2016-12-30 00:00:00', 'Shipped', NULL, NULL),
	(4348, 203, 9, '2016-04-14 00:00:00', '2016-10-19 00:00:00', 'Betty Black', '23 Nova Junction', NULL, 'S?pólno Kraje?skie', NULL, '89-400', 'Poland', 8.5500, 'Cash', '2016-09-23 00:00:00', 'New', NULL, NULL),
	(4349, 211, 95, '2017-01-28 00:00:00', '2016-04-13 00:00:00', 'Gregory Wood', '96 Grasskamp Point', NULL, 'Psará', NULL, NULL, 'Greece', 8.4700, 'Cash', '2016-12-18 00:00:00', 'Shipped', NULL, NULL),
	(4350, 218, 97, '2016-03-22 00:00:00', '2016-04-13 00:00:00', 'Martin Martinez', '5 Towne Crossing', NULL, 'Kista', 'Stockholm', '164 45', 'Sweden', 8.0700, 'Checque', '2016-05-15 00:00:00', 'On Hold', NULL, NULL),
	(4351, 215, 80, '2016-06-20 00:00:00', '2016-11-05 00:00:00', 'Margaret Cook', '82 Eggendart Junction', NULL, 'Omuthiya', NULL, NULL, 'Namibia', 9.7100, 'Cash', '2016-09-18 00:00:00', 'Shipped', NULL, NULL),
	(4352, 211, 15, '2016-09-02 00:00:00', '2017-01-23 00:00:00', 'Justin Myers', '6734 Continental Drive', NULL, 'Tadabliro', NULL, NULL, 'Indonesia', 2.2300, 'Cash', '2016-05-12 00:00:00', 'New', NULL, NULL),
	(4353, 216, 77, '2016-10-09 00:00:00', '2016-07-31 00:00:00', 'Jane Ruiz', '2743 Harbort Center', NULL, 'Pasar', NULL, NULL, 'Indonesia', 4.8800, 'Cash', '2016-06-04 00:00:00', 'New', NULL, NULL),
	(4354, 202, 53, '2017-03-15 00:00:00', '2016-06-21 00:00:00', 'Philip Bradley', '6 Bartillon Park', NULL, 'Aimorés', NULL, '35200-000', 'Brazil', 5.0100, 'Cash', '2016-05-16 00:00:00', 'New', NULL, NULL),
	(4355, 220, 14, '2017-01-03 00:00:00', '2016-05-07 00:00:00', 'Phillip White', '1 Schurz Crossing', NULL, 'Tuzhai', NULL, NULL, 'China', 7.0600, 'Checque', '2016-10-18 00:00:00', 'New', NULL, NULL),
	(4356, 208, 85, '2016-12-26 00:00:00', '2016-07-28 00:00:00', 'George Ryan', '92 Morrow Road', NULL, 'Nijmegen', 'Provincie Gelderland', '6519', 'Netherlands', 5.7600, 'Cash', '2016-12-14 00:00:00', 'New', NULL, NULL),
	(4357, 208, 73, '2016-04-06 00:00:00', '2016-04-01 00:00:00', 'Evelyn Rose', '134 Milwaukee Lane', NULL, 'Tiechang', NULL, NULL, 'China', 5.3700, 'Cash', '2016-12-19 00:00:00', 'Shipped', NULL, NULL),
	(4358, 202, 77, '2016-04-14 00:00:00', '2016-10-21 00:00:00', 'Janet Robertson', '09309 Dottie Park', NULL, 'Ljubeš?ica', NULL, '42222', 'Croatia', 5.2700, 'Cash', '2016-06-07 00:00:00', 'On Hold', NULL, NULL),
	(4359, 202, 35, '2016-05-08 00:00:00', '2017-01-27 00:00:00', 'Diana Perry', '95535 Lotheville Center', NULL, 'Kvasice', NULL, '768 21', 'Czech Republic', 7.1000, 'Card', '2016-07-27 00:00:00', 'New', NULL, NULL),
	(4360, 210, 86, '2016-11-23 00:00:00', '2016-10-12 00:00:00', 'Todd Elliott', '6737 Melrose Road', NULL, 'Catumbela', NULL, NULL, 'Angola', 2.1900, 'Checque', '2016-04-05 00:00:00', 'Shipped', NULL, NULL),
	(4361, 209, 45, '2016-04-07 00:00:00', '2016-06-30 00:00:00', 'Emily Dean', '143 Ridge Oak Alley', NULL, 'Diriá', NULL, NULL, 'Nicaragua', 1.3300, 'Cash', '2016-12-31 00:00:00', 'Complete', NULL, NULL),
	(4362, 208, 88, '2016-05-08 00:00:00', '2016-04-14 00:00:00', 'Eric Simpson', '8113 Graceland Junction', NULL, 'Borovoy', NULL, '309135', 'Russia', 3.8100, 'Card', '2016-06-21 00:00:00', 'Shipped', NULL, NULL),
	(4363, 211, 84, '2016-12-31 00:00:00', '2016-06-05 00:00:00', 'Alan Chapman', '461 Westport Center', NULL, 'Inayauan', NULL, '3336', 'Philippines', 8.6200, 'Card', '2017-03-03 00:00:00', 'Complete', NULL, NULL),
	(4364, 205, 100, '2016-09-10 00:00:00', '2017-02-19 00:00:00', 'Denise Dixon', '066 Gerald Avenue', NULL, 'Venëv', NULL, '301320', 'Russia', 4.8200, 'Checque', '2016-04-22 00:00:00', 'Shipped', NULL, NULL),
	(4365, 211, 7, '2017-03-09 00:00:00', '2017-03-16 00:00:00', 'Douglas Nelson', '03051 Grasskamp Way', NULL, 'Póvoa', 'Vila Real', '4870-130', 'Portugal', 1.6700, 'Checque', '2016-08-30 00:00:00', 'Complete', NULL, NULL),
	(4366, 213, 24, '2016-04-25 00:00:00', '2016-06-06 00:00:00', 'Louis Frazier', '65 Buhler Circle', NULL, 'B?leh Sav?r', NULL, NULL, 'Iran', 9.5300, 'Checque', '2016-12-20 00:00:00', 'Complete', NULL, NULL),
	(4367, 207, 8, '2016-09-24 00:00:00', '2016-04-06 00:00:00', 'Theresa Stanley', '487 Birchwood Point', NULL, 'T’et’ri Tsqaro', NULL, NULL, 'Georgia', 5.0600, 'Cash', '2016-04-08 00:00:00', 'New', NULL, NULL),
	(4368, 207, 76, '2016-12-21 00:00:00', '2016-05-03 00:00:00', 'Sean Chapman', '3917 Miller Pass', NULL, 'Andaray', NULL, NULL, 'Peru', 4.3600, 'Checque', '2016-07-25 00:00:00', 'New', NULL, NULL),
	(4369, 215, 90, '2016-03-30 00:00:00', '2017-01-03 00:00:00', 'Eugene Brooks', '137 1st Hill', NULL, 'Independencia', 'Tamaulipas', '89888', 'Mexico', 9.5600, 'Checque', '2017-01-23 00:00:00', 'Shipped', NULL, NULL),
	(4370, 204, 33, '2016-12-17 00:00:00', '2016-10-22 00:00:00', 'Joan Martin', '24 Hayes Point', NULL, 'Dobrze? Wielki', NULL, '46-081', 'Poland', 8.8700, 'Cash', '2016-07-09 00:00:00', 'Shipped', NULL, NULL),
	(4371, 204, 13, '2016-12-11 00:00:00', '2016-05-07 00:00:00', 'Martha Mendoza', '0 Sommers Point', NULL, 'Jiamachi', NULL, NULL, 'China', 1.5300, 'Checque', '2016-08-05 00:00:00', 'On Hold', NULL, NULL),
	(4372, 211, 90, '2016-10-27 00:00:00', '2017-02-14 00:00:00', 'Joan Allen', '64 Bluestem Drive', NULL, 'Conde', 'Braga', '4815-019', 'Portugal', 2.6600, 'Card', '2016-09-25 00:00:00', 'Shipped', NULL, NULL),
	(4373, 208, 81, '2016-08-20 00:00:00', '2017-03-16 00:00:00', 'Tammy Richards', '15541 Ramsey Alley', NULL, 'Gunungkendeng', NULL, NULL, 'Indonesia', 5.6600, 'Cash', '2016-05-03 00:00:00', 'Shipped', NULL, NULL),
	(4374, 216, 19, '2017-01-22 00:00:00', '2016-09-10 00:00:00', 'Andrea Medina', '3 Goodland Pass', NULL, '?ar?b', NULL, NULL, 'Yemen', 1.0300, 'Card', '2016-10-12 00:00:00', 'Shipped', NULL, NULL),
	(4375, 213, 8, '2016-09-13 00:00:00', '2016-12-21 00:00:00', 'Antonio Carpenter', '453 Duke Point', NULL, 'Rouen', 'Haute-Normandie', '76029 CEDEX', 'France', 5.1100, 'Cash', '2017-01-26 00:00:00', 'Complete', NULL, NULL),
	(4376, 207, 83, '2016-11-29 00:00:00', '2016-04-13 00:00:00', 'Jeffrey Smith', '7 Old Shore Center', NULL, 'Licuan', NULL, '2500', 'Philippines', 8.5500, 'Cash', '2016-11-08 00:00:00', 'New', NULL, NULL),
	(4377, 216, 13, '2016-11-06 00:00:00', '2016-10-08 00:00:00', 'Mark Perkins', '57 Troy Court', NULL, 'Mojimán', NULL, NULL, 'Honduras', 2.0300, 'Card', '2017-01-06 00:00:00', 'Shipped', NULL, NULL),
	(4378, 219, 4, '2016-08-05 00:00:00', '2017-03-04 00:00:00', 'Louis Jordan', '5 Armistice Street', NULL, 'Labège', 'Midi-Pyrénées', '31673 CEDEX', 'France', 3.6100, 'Cash', '2016-12-07 00:00:00', 'New', NULL, NULL),
	(4379, 218, 66, '2017-02-26 00:00:00', '2016-11-18 00:00:00', 'Fred Johnson', '4 Dovetail Crossing', NULL, 'Santa Cruz', NULL, NULL, 'Venezuela', 1.0800, 'Cash', '2016-04-02 00:00:00', 'Complete', NULL, NULL),
	(4380, 201, 27, '2016-09-01 00:00:00', '2016-05-08 00:00:00', 'Rose Harvey', '8 Canary Plaza', NULL, 'Pingtan', NULL, NULL, 'China', 6.9000, 'Checque', '2016-12-09 00:00:00', 'Complete', NULL, NULL),
	(4381, 209, 89, '2017-02-04 00:00:00', '2016-08-30 00:00:00', 'Christine Thomas', '008 Carberry Alley', NULL, 'Logung', NULL, NULL, 'Indonesia', 6.1300, 'Card', '2016-05-09 00:00:00', 'On Hold', NULL, NULL),
	(4382, 204, 47, '2016-08-11 00:00:00', '2016-12-27 00:00:00', 'Juan Reed', '4337 Del Sol Hill', NULL, 'Dayeuhluhur', NULL, NULL, 'Indonesia', 7.7600, 'Card', '2016-06-15 00:00:00', 'New', NULL, NULL),
	(4383, 215, 30, '2016-08-07 00:00:00', '2016-07-22 00:00:00', 'Diane Gray', '899 Oneill Pass', NULL, 'Alegrete', NULL, '97540-000', 'Brazil', 5.6200, 'Cash', '2016-12-26 00:00:00', 'Complete', NULL, NULL),
	(4384, 212, 88, '2016-07-23 00:00:00', '2016-05-07 00:00:00', 'Louise Baker', '46092 Kedzie Court', NULL, 'Ban Mo', NULL, '18130', 'Thailand', 4.0000, 'Card', '2016-07-11 00:00:00', 'Complete', NULL, NULL),
	(4385, 203, 62, '2017-02-20 00:00:00', '2016-10-01 00:00:00', 'Paul Thompson', '77444 Northwestern Pass', NULL, 'Francisco I Madero', 'Coahuila De Zaragoza', '26010', 'Mexico', 3.9900, 'Checque', '2016-12-23 00:00:00', 'Shipped', NULL, NULL),
	(4386, 218, 26, '2016-09-02 00:00:00', '2016-06-10 00:00:00', 'Anne Kim', '67814 Buena Vista Court', NULL, 'Sanjie', NULL, NULL, 'China', 9.6100, 'Card', '2016-04-05 00:00:00', 'New', NULL, NULL),
	(4387, 219, 20, '2017-03-05 00:00:00', '2016-12-19 00:00:00', 'Matthew Gutierrez', '33055 Evergreen Crossing', NULL, 'Cusco', NULL, NULL, 'Peru', 6.5200, 'Checque', '2017-02-17 00:00:00', 'Shipped', NULL, NULL),
	(4388, 219, 71, '2016-09-06 00:00:00', '2016-05-24 00:00:00', 'Janet Hernandez', '9243 Forest Run Parkway', NULL, 'Ulanov', NULL, NULL, 'Ukraine', 3.0400, 'Cash', '2016-09-20 00:00:00', 'New', NULL, NULL),
	(4389, 207, 2, '2016-04-25 00:00:00', '2017-02-16 00:00:00', 'Louis Chapman', '878 Roth Alley', NULL, 'Kusak', NULL, '423430', 'Russia', 5.7800, 'Cash', '2017-02-18 00:00:00', 'On Hold', NULL, NULL),
	(4390, 218, 64, '2016-09-25 00:00:00', '2016-09-22 00:00:00', 'Joe Carpenter', '56 Artisan Park', NULL, 'Xinjiang', NULL, NULL, 'China', 8.2000, 'Card', '2016-12-01 00:00:00', 'On Hold', NULL, NULL),
	(4391, 218, 64, '2016-07-30 00:00:00', '2016-07-23 00:00:00', 'Charles Harper', '7 Sutherland Road', NULL, 'Tatarbunary', NULL, NULL, 'Ukraine', 4.6200, 'Cash', '2016-06-29 00:00:00', 'Shipped', NULL, NULL),
	(4392, 206, 92, '2016-05-05 00:00:00', '2016-07-17 00:00:00', 'Craig Reynolds', '3 Erie Park', NULL, 'East End', NULL, NULL, 'Cayman Islands', 2.0300, 'Checque', '2017-02-03 00:00:00', 'New', NULL, NULL),
	(4393, 212, 45, '2016-06-29 00:00:00', '2016-06-17 00:00:00', 'Raymond Mcdonald', '792 Brown Trail', NULL, 'Yangfang', NULL, NULL, 'China', 4.4400, 'Card', '2017-02-27 00:00:00', 'Complete', NULL, NULL),
	(4394, 211, 87, '2016-09-28 00:00:00', '2016-04-03 00:00:00', 'Sandra Medina', '7 Eagan Circle', NULL, 'Baratleke', NULL, NULL, 'Indonesia', 4.3400, 'Cash', '2017-01-05 00:00:00', 'Complete', NULL, NULL),
	(4395, 203, 57, '2016-08-18 00:00:00', '2017-03-05 00:00:00', 'Sean Carpenter', '33 Dottie Park', NULL, 'Sokal’', NULL, NULL, 'Ukraine', 5.3900, 'Cash', '2017-02-22 00:00:00', 'On Hold', NULL, NULL),
	(4396, 203, 87, '2016-06-19 00:00:00', '2016-07-10 00:00:00', 'Alice Ferguson', '0399 Dixon Hill', NULL, 'Privolzhskiy', NULL, '413138', 'Russia', 8.7400, 'Cash', '2016-12-23 00:00:00', 'New', NULL, NULL),
	(4397, 216, 61, '2016-08-01 00:00:00', '2016-12-25 00:00:00', 'Diana Nguyen', '5052 Rigney Junction', NULL, 'Guaynabo', 'Pr', '00971', 'Puerto Rico', 5.3600, 'Checque', '2016-07-12 00:00:00', 'On Hold', NULL, NULL),
	(4398, 211, 52, '2016-12-04 00:00:00', '2016-05-11 00:00:00', 'Earl Gutierrez', '32 Summit Avenue', NULL, 'Maqbanah', NULL, NULL, 'Yemen', 5.8200, 'Cash', '2016-07-21 00:00:00', 'New', NULL, NULL),
	(4399, 208, 71, '2016-05-16 00:00:00', '2017-02-25 00:00:00', 'Gloria Gordon', '5 Prentice Trail', NULL, 'Xichang', NULL, NULL, 'China', 3.2000, 'Card', '2016-05-24 00:00:00', 'Complete', NULL, NULL),
	(4400, 218, 7, '2016-09-06 00:00:00', '2016-03-21 00:00:00', 'Robert Wheeler', '83 Logan Circle', NULL, 'Zhongshan', NULL, NULL, 'China', 9.1500, 'Cash', '2016-08-16 00:00:00', 'Shipped', NULL, NULL),
	(4401, 210, 53, '2016-09-05 00:00:00', '2016-05-01 00:00:00', 'Walter Williamson', '8459 American Plaza', NULL, 'Santo Rosario', NULL, '3114', 'Philippines', 7.7100, 'Checque', '2017-01-25 00:00:00', 'New', NULL, NULL),
	(4402, 216, 92, '2016-10-10 00:00:00', '2016-03-28 00:00:00', 'Jonathan James', '164 Bonner Hill', NULL, 'Vale de Mendiz', 'Vila Real', '5085-105', 'Portugal', 2.9600, 'Card', '2016-07-15 00:00:00', 'Shipped', NULL, NULL),
	(4403, 212, 12, '2016-09-15 00:00:00', '2016-11-11 00:00:00', 'Judy Williams', '207 Scofield Place', NULL, 'Lawa-an', NULL, '5706', 'Philippines', 9.6800, 'Checque', '2016-04-30 00:00:00', 'On Hold', NULL, NULL),
	(4404, 213, 83, '2016-04-25 00:00:00', '2016-05-14 00:00:00', 'Amy Olson', '84189 Schurz Circle', NULL, 'Ogoja', NULL, NULL, 'Nigeria', 5.1800, 'Card', '2016-11-02 00:00:00', 'Complete', NULL, NULL),
	(4405, 209, 7, '2016-12-01 00:00:00', '2016-08-30 00:00:00', 'Donna Vasquez', '82460 Ridgeway Hill', NULL, 'La Guacamaya', NULL, NULL, 'Honduras', 5.3200, 'Card', '2017-02-11 00:00:00', 'Complete', NULL, NULL),
	(4406, 209, 66, '2016-09-14 00:00:00', '2016-05-13 00:00:00', 'Susan Jacobs', '17 Morningstar Lane', NULL, 'Chedao', NULL, NULL, 'China', 4.1200, 'Cash', '2016-11-11 00:00:00', 'New', NULL, NULL),
	(4407, 214, 57, '2016-05-04 00:00:00', '2016-06-03 00:00:00', 'Kathryn Burns', '116 Hollow Ridge Park', NULL, 'Comagascas', NULL, '1950', 'Philippines', 1.0500, 'Cash', '2017-01-28 00:00:00', 'New', NULL, NULL),
	(4408, 201, 64, '2017-02-11 00:00:00', '2016-06-08 00:00:00', 'Doris Bennett', '090 Lien Place', NULL, 'Luotang', NULL, NULL, 'China', 1.3500, 'Cash', '2016-12-16 00:00:00', 'Complete', NULL, NULL),
	(4409, 209, 41, '2017-02-28 00:00:00', '2016-09-05 00:00:00', 'Cynthia Robertson', '6 Eliot Center', NULL, 'Abu Dhabi', NULL, NULL, 'United Arab Emirates', 4.2100, 'Checque', '2017-01-01 00:00:00', 'New', NULL, NULL),
	(4410, 215, 24, '2016-08-28 00:00:00', '2016-10-30 00:00:00', 'Jonathan Parker', '0 Weeping Birch Hill', NULL, 'Cienfuegos', NULL, NULL, 'Cuba', 1.6900, 'Card', '2017-01-21 00:00:00', 'Shipped', NULL, NULL),
	(4411, 206, 10, '2016-08-30 00:00:00', '2016-12-06 00:00:00', 'Bobby Foster', '8279 Ridgeview Place', NULL, 'Cruz Alta', NULL, '98000-000', 'Brazil', 7.5000, 'Cash', '2016-09-09 00:00:00', 'On Hold', NULL, NULL),
	(4412, 205, 65, '2016-12-13 00:00:00', '2017-02-27 00:00:00', 'Phyllis Moore', '806 Acker Drive', NULL, 'Paoay', NULL, '2902', 'Philippines', 4.6300, 'Cash', '2017-01-11 00:00:00', 'Shipped', NULL, NULL),
	(4413, 211, 2, '2016-12-05 00:00:00', '2016-12-07 00:00:00', 'Kevin Gordon', '00875 Sherman Lane', NULL, 'Wansheng', NULL, NULL, 'China', 2.7000, 'Card', '2016-07-31 00:00:00', 'New', NULL, NULL),
	(4414, 219, 25, '2017-02-08 00:00:00', '2016-06-22 00:00:00', 'Jack Mccoy', '2 Killdeer Center', NULL, 'Gresik', NULL, NULL, 'Indonesia', 4.1000, 'Checque', '2017-03-05 00:00:00', 'On Hold', NULL, NULL),
	(4415, 220, 9, '2017-01-02 00:00:00', '2016-08-28 00:00:00', 'Margaret Fuller', '1960 Parkside Hill', NULL, 'Kafr Zayt?', NULL, NULL, 'Syria', 1.0900, 'Cash', '2016-08-07 00:00:00', 'New', NULL, NULL),
	(4416, 214, 100, '2017-01-07 00:00:00', '2017-02-07 00:00:00', 'Melissa Nichols', '6 Lakewood Gardens Avenue', NULL, 'Stockholm', 'Stockholm', '113 90', 'Sweden', 4.1000, 'Cash', '2016-03-31 00:00:00', 'On Hold', NULL, NULL),
	(4417, 210, 87, '2017-01-23 00:00:00', '2016-12-14 00:00:00', 'William Webb', '84 Mifflin Junction', NULL, 'Kanungu', NULL, NULL, 'Uganda', 4.3800, 'Card', '2016-05-05 00:00:00', 'Complete', NULL, NULL),
	(4418, 213, 29, '2017-01-05 00:00:00', '2017-02-07 00:00:00', 'Anne Gonzales', '7 Myrtle Plaza', NULL, 'Davila', NULL, '2012', 'Philippines', 5.4500, 'Cash', '2016-05-23 00:00:00', 'Shipped', NULL, NULL),
	(4419, 212, 94, '2016-10-19 00:00:00', '2016-12-20 00:00:00', 'Kathleen Graham', '22 Forest Run Hill', NULL, 'Mollepampa', NULL, NULL, 'Peru', 5.8600, 'Checque', '2016-07-31 00:00:00', 'Shipped', NULL, NULL),
	(4420, 201, 32, '2016-11-29 00:00:00', '2016-09-24 00:00:00', 'Diana Sanders', '8925 Kennedy Parkway', NULL, 'San Miguel de Tucumán', NULL, '4137', 'Argentina', 3.7100, 'Cash', '2016-08-10 00:00:00', 'Complete', NULL, NULL),
	(4421, 208, 58, '2017-03-02 00:00:00', '2016-04-03 00:00:00', 'Willie Wright', '60 Old Shore Alley', NULL, 'Jinjiang', NULL, NULL, 'China', 6.7200, 'Card', '2016-10-09 00:00:00', 'Shipped', NULL, NULL),
	(4422, 206, 59, '2016-04-19 00:00:00', '2016-12-29 00:00:00', 'Frank Evans', '785 Little Fleur Center', NULL, 'El Triunfo', NULL, NULL, 'Ecuador', 9.4300, 'Checque', '2016-05-13 00:00:00', 'New', NULL, NULL),
	(4423, 209, 68, '2016-08-22 00:00:00', '2016-11-20 00:00:00', 'Phillip Carter', '6398 John Wall Center', NULL, 'Shouxihu', NULL, NULL, 'China', 4.2200, 'Checque', '2016-10-18 00:00:00', 'New', NULL, NULL),
	(4424, 205, 31, '2016-10-05 00:00:00', '2016-10-09 00:00:00', 'Lillian Gomez', '17560 Melrose Point', NULL, 'Milwaukee', 'Wisconsin', '53205', 'United States', 1.1600, 'Checque', '2016-04-17 00:00:00', 'On Hold', NULL, NULL),
	(4425, 202, 7, '2016-07-24 00:00:00', '2017-02-22 00:00:00', 'John Ortiz', '45 Vera Place', NULL, 'Kiel', 'Schleswig-Holstein', '24109', 'Germany', 5.8600, 'Cash', '2016-10-13 00:00:00', 'On Hold', NULL, NULL),
	(4426, 214, 80, '2016-10-04 00:00:00', '2016-09-01 00:00:00', 'Brandon Fields', '94792 Jackson Hill', NULL, 'San Juan', 'Pr', '00918', 'Puerto Rico', 2.5400, 'Checque', '2016-12-19 00:00:00', 'On Hold', NULL, NULL),
	(4427, 209, 23, '2016-06-23 00:00:00', '2016-04-29 00:00:00', 'Willie Hart', '20 Sloan Terrace', NULL, 'Mount Darwin', NULL, NULL, 'Zimbabwe', 3.7100, 'Cash', '2016-09-22 00:00:00', 'Complete', NULL, NULL),
	(4428, 211, 7, '2016-09-07 00:00:00', '2016-10-28 00:00:00', 'Walter Montgomery', '67285 Crowley Road', NULL, 'Wailolong', NULL, NULL, 'Indonesia', 9.7900, 'Checque', '2016-04-05 00:00:00', 'Complete', NULL, NULL),
	(4429, 217, 10, '2017-03-02 00:00:00', '2016-11-27 00:00:00', 'Sara Williamson', '72 Monterey Circle', NULL, 'Salvacion', NULL, '1114', 'Philippines', 3.3300, 'Card', '2016-05-18 00:00:00', 'On Hold', NULL, NULL),
	(4430, 210, 12, '2017-02-18 00:00:00', '2016-03-17 00:00:00', 'Wayne Sanders', '21302 Valley Edge Pass', NULL, 'Balakasap', NULL, NULL, 'Indonesia', 2.1800, 'Card', '2016-06-02 00:00:00', 'New', NULL, NULL),
	(4431, 220, 80, '2016-10-01 00:00:00', '2016-09-28 00:00:00', 'Cynthia Allen', '1 Karstens Avenue', NULL, 'Santo António das Areias', 'Portalegre', '7330-254', 'Portugal', 3.4000, 'Cash', '2016-08-21 00:00:00', 'New', NULL, NULL),
	(4432, 211, 95, '2017-02-04 00:00:00', '2016-03-17 00:00:00', 'Jonathan Hughes', '93993 Fairview Junction', NULL, 'Buje', NULL, '52460', 'Croatia', 5.1900, 'Cash', '2016-10-01 00:00:00', 'New', NULL, NULL),
	(4433, 208, 67, '2017-02-11 00:00:00', '2016-06-01 00:00:00', 'Gerald Wright', '77811 Dennis Point', NULL, 'Hohoe', NULL, NULL, 'Ghana', 3.2500, 'Card', '2016-07-15 00:00:00', 'New', NULL, NULL),
	(4434, 201, 53, '2016-12-25 00:00:00', '2017-01-07 00:00:00', 'Roy Anderson', '182 High Crossing Terrace', NULL, 'Bajiazi', NULL, NULL, 'China', 8.8000, 'Card', '2017-02-11 00:00:00', 'Shipped', NULL, NULL),
	(4435, 207, 3, '2016-05-30 00:00:00', '2016-04-07 00:00:00', 'Brenda Wright', '98 Kim Drive', NULL, 'Lillehammer', 'Oppland', '2605', 'Norway', 5.7600, 'Cash', '2017-02-02 00:00:00', 'On Hold', NULL, NULL),
	(4436, 204, 29, '2016-07-19 00:00:00', '2016-07-05 00:00:00', 'Philip Price', '16 Brown Plaza', NULL, '?apljina', NULL, NULL, 'Bosnia and Herzegovina', 9.6200, 'Cash', '2016-11-05 00:00:00', 'On Hold', NULL, NULL),
	(4437, 210, 80, '2016-10-13 00:00:00', '2016-04-24 00:00:00', 'Michelle Webb', '4160 Everett Point', NULL, 'Waepana', NULL, NULL, 'Indonesia', 9.5400, 'Cash', '2016-07-11 00:00:00', 'Complete', NULL, NULL),
	(4438, 209, 6, '2016-12-31 00:00:00', '2017-01-27 00:00:00', 'Heather Fields', '10 Fairview Center', NULL, 'Z?otniki Kujawskie', NULL, '88-180', 'Poland', 1.8100, 'Cash', '2017-03-15 00:00:00', 'Shipped', NULL, NULL),
	(4439, 216, 53, '2017-02-01 00:00:00', '2016-09-12 00:00:00', 'Ryan Long', '0 Gateway Avenue', NULL, 'Pizhanka', NULL, '613380', 'Russia', 9.3400, 'Cash', '2016-07-02 00:00:00', 'New', NULL, NULL),
	(4440, 211, 25, '2017-02-03 00:00:00', '2016-10-13 00:00:00', 'Joyce Stewart', '61 Burrows Street', NULL, 'Kushelevka', NULL, '658381', 'Russia', 6.4000, 'Cash', '2017-01-29 00:00:00', 'On Hold', NULL, NULL),
	(4441, 215, 93, '2016-03-21 00:00:00', '2016-11-17 00:00:00', 'Walter Arnold', '97613 Pond Avenue', NULL, 'Looc', NULL, '5507', 'Philippines', 1.0900, 'Cash', '2016-10-05 00:00:00', 'Shipped', NULL, NULL),
	(4442, 214, 10, '2016-05-10 00:00:00', '2016-05-31 00:00:00', 'Irene Simmons', '36 Larry Court', NULL, 'Rozhdestveno', NULL, '399768', 'Russia', 4.8200, 'Checque', '2017-01-13 00:00:00', 'Complete', NULL, NULL),
	(4443, 208, 19, '2017-02-09 00:00:00', '2017-02-05 00:00:00', 'Christina Mccoy', '1482 Rockefeller Point', NULL, 'Rybatskoye', NULL, '196851', 'Russia', 1.6200, 'Cash', '2016-09-14 00:00:00', 'Shipped', NULL, NULL),
	(4444, 210, 98, '2017-02-15 00:00:00', '2016-05-17 00:00:00', 'Marie Fowler', '04 Prairie Rose Junction', NULL, 'Chicago', 'Illinois', '60604', 'United States', 7.4700, 'Card', '2017-02-22 00:00:00', 'Complete', NULL, NULL),
	(4445, 218, 32, '2017-02-12 00:00:00', '2016-05-20 00:00:00', 'Louise Bell', '3 Charing Cross Pass', NULL, 'Selce', NULL, '1219', 'Macedonia', 4.4700, 'Cash', '2016-04-01 00:00:00', 'New', NULL, NULL),
	(4446, 209, 25, '2016-09-22 00:00:00', '2016-12-03 00:00:00', 'Barbara Black', '697 Oneill Drive', NULL, 'Shanghang', NULL, NULL, 'China', 4.6600, 'Checque', '2016-11-09 00:00:00', 'On Hold', NULL, NULL),
	(4447, 209, 100, '2016-08-26 00:00:00', '2017-01-16 00:00:00', 'James Holmes', '77 Marcy Court', NULL, 'Estreito', NULL, '65975-000', 'Brazil', 9.8500, 'Checque', '2016-12-04 00:00:00', 'On Hold', NULL, NULL),
	(4448, 210, 72, '2016-06-25 00:00:00', '2016-12-07 00:00:00', 'Kenneth Williams', '6400 Milwaukee Hill', NULL, 'Wanshan', NULL, NULL, 'China', 3.6600, 'Card', '2016-06-09 00:00:00', 'On Hold', NULL, NULL),
	(4449, 213, 16, '2016-12-13 00:00:00', '2016-08-07 00:00:00', 'Joshua Jacobs', '8 Judy Park', NULL, 'Ágios Andréas', NULL, NULL, 'Greece', 3.8100, 'Cash', '2016-07-07 00:00:00', 'Complete', NULL, NULL),
	(4450, 216, 100, '2016-12-21 00:00:00', '2017-02-13 00:00:00', 'Aaron Sanders', '1 Dakota Court', NULL, 'Huayllo', NULL, NULL, 'Peru', 7.5900, 'Cash', '2016-04-22 00:00:00', 'On Hold', NULL, NULL),
	(4451, 211, 50, '2016-08-22 00:00:00', '2016-06-05 00:00:00', 'Eugene Scott', '03 Golden Leaf Point', NULL, 'Stírion', NULL, NULL, 'Greece', 8.9900, 'Card', '2017-02-25 00:00:00', 'New', NULL, NULL),
	(4452, 220, 86, '2016-05-07 00:00:00', '2016-07-20 00:00:00', 'Cynthia Phillips', '820 Merchant Way', NULL, 'Mrongi Daja', NULL, NULL, 'Indonesia', 2.2100, 'Checque', '2016-04-27 00:00:00', 'On Hold', NULL, NULL),
	(4453, 213, 58, '2016-10-30 00:00:00', '2016-03-22 00:00:00', 'Martin Reed', '14 Meadow Vale Alley', NULL, 'Jiangdong', NULL, NULL, 'China', 3.5800, 'Cash', '2017-02-12 00:00:00', 'Complete', NULL, NULL),
	(4454, 206, 98, '2016-05-14 00:00:00', '2016-11-07 00:00:00', 'Janet Porter', '74391 Ronald Regan Park', NULL, 'Lamakera Dua', NULL, NULL, 'Indonesia', 9.8600, 'Checque', '2016-06-12 00:00:00', 'New', NULL, NULL),
	(4455, 204, 2, '2016-03-28 00:00:00', '2016-04-11 00:00:00', 'Amanda Duncan', '047 Jenna Road', NULL, 'Tungawan', NULL, '7018', 'Philippines', 2.0400, 'Card', '2016-07-09 00:00:00', 'New', NULL, NULL),
	(4456, 211, 58, '2016-08-05 00:00:00', '2016-11-19 00:00:00', 'Joseph Henderson', '14 Morningstar Pass', NULL, 'Kolobolon', NULL, NULL, 'Indonesia', 6.4400, 'Checque', '2016-05-24 00:00:00', 'New', NULL, NULL),
	(4457, 215, 21, '2017-02-15 00:00:00', '2016-06-11 00:00:00', 'Cynthia Bishop', '066 Surrey Pass', NULL, 'H?ng Yên', NULL, NULL, 'Vietnam', 1.6100, 'Checque', '2016-07-05 00:00:00', 'Shipped', NULL, NULL),
	(4458, 211, 10, '2016-08-08 00:00:00', '2016-08-06 00:00:00', 'Craig Andrews', '7 Mariners Cove Court', NULL, 'Tuanchengshan', NULL, NULL, 'China', 8.4000, 'Cash', '2016-12-15 00:00:00', 'New', NULL, NULL),
	(4459, 211, 71, '2016-05-13 00:00:00', '2017-02-19 00:00:00', 'Steve Warren', '6702 Delladonna Point', NULL, 'Pražmo', NULL, '739 04', 'Czech Republic', 8.2900, 'Card', '2016-06-29 00:00:00', 'New', NULL, NULL),
	(4460, 214, 5, '2016-12-21 00:00:00', '2016-06-21 00:00:00', 'Brenda Mills', '77934 Prairieview Way', NULL, 'Huafeng', NULL, NULL, 'China', 6.7600, 'Cash', '2016-07-08 00:00:00', 'New', NULL, NULL),
	(4461, 212, 34, '2016-04-27 00:00:00', '2016-07-22 00:00:00', 'Randy Wright', '9 Thackeray Way', NULL, 'Dv?r Králové nad Labem', NULL, '544 01', 'Czech Republic', 9.4500, 'Card', '2016-03-20 00:00:00', 'Shipped', NULL, NULL),
	(4462, 202, 47, '2016-10-31 00:00:00', '2016-06-30 00:00:00', 'Michelle Ramirez', '0152 Old Shore Road', NULL, 'Pulaupinang', NULL, NULL, 'Indonesia', 2.4200, 'Card', '2016-09-05 00:00:00', 'New', NULL, NULL),
	(4463, 209, 86, '2016-07-30 00:00:00', '2016-04-29 00:00:00', 'Frank Duncan', '67 Buell Terrace', NULL, 'Krasne', NULL, NULL, 'Ukraine', 2.7100, 'Card', '2016-06-22 00:00:00', 'Complete', NULL, NULL),
	(4464, 204, 62, '2017-03-01 00:00:00', '2017-03-11 00:00:00', 'Carlos Warren', '978 Merrick Circle', NULL, 'Penghua', NULL, NULL, 'China', 7.2900, 'Cash', '2016-03-22 00:00:00', 'Shipped', NULL, NULL),
	(4465, 202, 87, '2016-06-23 00:00:00', '2016-11-15 00:00:00', 'Tina Gardner', '0 Mcguire Terrace', NULL, 'Cangqian', NULL, NULL, 'China', 2.1700, 'Card', '2016-06-01 00:00:00', 'New', NULL, NULL),
	(4466, 220, 31, '2016-06-04 00:00:00', '2016-06-08 00:00:00', 'Stephen Turner', '17 Leroy Plaza', NULL, 'Pedaringan', NULL, NULL, 'Indonesia', 8.8900, 'Checque', '2016-05-09 00:00:00', 'Shipped', NULL, NULL),
	(4467, 210, 35, '2016-05-21 00:00:00', '2016-09-26 00:00:00', 'Melissa Wilson', '61199 Forest Center', NULL, 'Krmelín', NULL, '739 24', 'Czech Republic', 2.3500, 'Card', '2016-06-20 00:00:00', 'On Hold', NULL, NULL),
	(4468, 216, 50, '2016-09-10 00:00:00', '2016-12-02 00:00:00', 'Billy Harper', '8940 Fisk Parkway', NULL, 'San Jose', 'California', '95113', 'United States', 3.9800, 'Cash', '2016-10-04 00:00:00', 'Complete', NULL, NULL),
	(4469, 207, 22, '2016-06-03 00:00:00', '2016-11-06 00:00:00', 'Carl Davis', '5 Lindbergh Street', NULL, 'Taling Chan', NULL, '10170', 'Thailand', 4.7100, 'Card', '2017-02-03 00:00:00', 'New', NULL, NULL),
	(4470, 211, 64, '2016-06-16 00:00:00', '2016-05-26 00:00:00', 'Gerald Henry', '2221 Porter Crossing', NULL, 'Mozdok', NULL, '363759', 'Russia', 9.5700, 'Cash', '2016-10-11 00:00:00', 'Shipped', NULL, NULL),
	(4471, 206, 25, '2016-07-27 00:00:00', '2016-08-24 00:00:00', 'Debra Garza', '65379 Sunnyside Trail', NULL, 'Jiadingzhen', NULL, NULL, 'China', 1.0600, 'Checque', '2016-06-23 00:00:00', 'On Hold', NULL, NULL),
	(4472, 204, 18, '2016-08-30 00:00:00', '2016-10-09 00:00:00', 'Margaret Rodriguez', '3202 Marquette Point', NULL, 'Oranzherei', NULL, '416368', 'Russia', 3.3500, 'Checque', '2016-06-18 00:00:00', 'On Hold', NULL, NULL),
	(4473, 212, 88, '2016-10-29 00:00:00', '2016-05-25 00:00:00', 'William Burke', '46 Kingsford Center', NULL, 'San Juan', NULL, '11301', 'Costa Rica', 3.8500, 'Checque', '2017-02-12 00:00:00', 'Shipped', NULL, NULL),
	(4474, 217, 9, '2017-02-19 00:00:00', '2016-05-29 00:00:00', 'Larry Myers', '731 Packers Point', NULL, 'Trelleborg', 'Skåne', '231 68', 'Sweden', 4.4600, 'Card', '2016-06-19 00:00:00', 'New', NULL, NULL),
	(4475, 202, 40, '2016-11-03 00:00:00', '2016-04-25 00:00:00', 'Virginia Hall', '141 Rowland Way', NULL, 'Aoji-ri', NULL, NULL, 'North Korea', 7.5800, 'Checque', '2016-11-13 00:00:00', 'Shipped', NULL, NULL),
	(4476, 211, 16, '2017-03-07 00:00:00', '2016-10-14 00:00:00', 'Doris Berry', '60 Rusk Lane', NULL, 'Al Qam??yah', NULL, NULL, 'Syria', 1.8000, 'Checque', '2016-03-19 00:00:00', 'On Hold', NULL, NULL),
	(4477, 210, 87, '2016-12-04 00:00:00', '2016-03-22 00:00:00', 'Juan Richards', '3830 Randy Parkway', NULL, 'Nakhon Nayok', NULL, '26120', 'Thailand', 1.2200, 'Card', '2016-08-05 00:00:00', 'Complete', NULL, NULL),
	(4478, 203, 34, '2017-01-28 00:00:00', '2016-09-27 00:00:00', 'Kimberly Fox', '34957 Elka Way', NULL, 'Santiago', NULL, '97700-000', 'Brazil', 3.9900, 'Checque', '2016-07-06 00:00:00', 'On Hold', NULL, NULL),
	(4479, 219, 89, '2016-07-01 00:00:00', '2016-05-31 00:00:00', 'Ruby Ruiz', '90581 American Hill', NULL, 'Agudos', NULL, '17120-000', 'Brazil', 5.9700, 'Cash', '2016-06-03 00:00:00', 'On Hold', NULL, NULL),
	(4480, 203, 53, '2016-10-17 00:00:00', '2016-11-07 00:00:00', 'Ruby Robinson', '385 Carioca Plaza', NULL, 'Kalangan', NULL, NULL, 'Indonesia', 8.7100, 'Card', '2016-12-01 00:00:00', 'Complete', NULL, NULL),
	(4481, 207, 91, '2017-02-25 00:00:00', '2016-03-31 00:00:00', 'Victor Lopez', '170 Mariners Cove Circle', NULL, 'Bressuire', 'Poitou-Charentes', '79304 CEDEX', 'France', 8.5900, 'Checque', '2016-07-30 00:00:00', 'Complete', NULL, NULL),
	(4482, 215, 58, '2017-02-15 00:00:00', '2016-07-25 00:00:00', 'Kimberly Marshall', '647 Summerview Circle', NULL, 'Timahankrajan', NULL, NULL, 'Indonesia', 3.0700, 'Checque', '2016-04-21 00:00:00', 'On Hold', NULL, NULL),
	(4483, 207, 76, '2016-06-27 00:00:00', '2016-10-15 00:00:00', 'Pamela Matthews', '9379 Summit Trail', NULL, 'Brangsi', NULL, NULL, 'Indonesia', 1.3500, 'Card', '2016-05-27 00:00:00', 'New', NULL, NULL),
	(4484, 210, 98, '2017-02-03 00:00:00', '2016-11-04 00:00:00', 'Randy Patterson', '6641 American Ash Point', NULL, 'Ivanec', NULL, '42240', 'Croatia', 2.3600, 'Card', '2016-10-31 00:00:00', 'Shipped', NULL, NULL),
	(4485, 205, 71, '2017-01-01 00:00:00', '2017-02-16 00:00:00', 'Carolyn Garza', '281 Raven Lane', NULL, 'Jingyang', NULL, NULL, 'China', 6.8500, 'Checque', '2016-04-27 00:00:00', 'Shipped', NULL, NULL),
	(4486, 202, 20, '2016-07-24 00:00:00', '2016-07-06 00:00:00', 'Ruth Perkins', '5656 Northview Lane', NULL, 'Burevestnik', NULL, '607612', 'Russia', 9.2900, 'Cash', '2017-03-16 00:00:00', 'On Hold', NULL, NULL),
	(4487, 203, 49, '2017-02-20 00:00:00', '2017-01-12 00:00:00', 'Kelly Oliver', '249 Londonderry Pass', NULL, 'Grande Rivière du Nord', NULL, NULL, 'Haiti', 7.6500, 'Checque', '2016-12-04 00:00:00', 'Shipped', NULL, NULL),
	(4488, 203, 67, '2016-11-09 00:00:00', '2016-07-19 00:00:00', 'Shirley Henry', '3045 Rowland Lane', NULL, 'Midlands', NULL, NULL, 'Mauritius', 5.3500, 'Checque', '2016-06-14 00:00:00', 'Complete', NULL, NULL),
	(4489, 209, 100, '2017-01-24 00:00:00', '2016-05-30 00:00:00', 'Marie Ferguson', '629 Crownhardt Junction', NULL, 'El Paso', 'Texas', '88546', 'United States', 5.1800, 'Checque', '2016-04-20 00:00:00', 'Shipped', NULL, NULL),
	(4490, 202, 87, '2016-06-27 00:00:00', '2016-09-05 00:00:00', 'Rachel Scott', '343 Schurz Road', NULL, 'Cabiguan', NULL, '1144', 'Philippines', 1.0500, 'Cash', '2016-07-24 00:00:00', 'Shipped', NULL, NULL),
	(4491, 211, 93, '2017-01-16 00:00:00', '2016-09-29 00:00:00', 'Henry Fields', '26143 Del Sol Avenue', NULL, 'Huangduobu', NULL, NULL, 'China', 6.1500, 'Card', '2016-06-02 00:00:00', 'Shipped', NULL, NULL),
	(4492, 217, 10, '2016-12-08 00:00:00', '2016-10-01 00:00:00', 'Harold Jones', '2 Oak Avenue', NULL, 'Surkhakhi', NULL, '386147', 'Russia', 9.9600, 'Card', '2016-04-07 00:00:00', 'New', NULL, NULL),
	(4493, 217, 35, '2016-05-05 00:00:00', '2016-05-01 00:00:00', 'Walter Wright', '12 Paget Road', NULL, 'Siluman', NULL, NULL, 'Indonesia', 2.1000, 'Cash', '2016-10-26 00:00:00', 'On Hold', NULL, NULL),
	(4494, 206, 51, '2017-02-25 00:00:00', '2016-10-24 00:00:00', 'Marilyn Hayes', '4 5th Way', NULL, 'Punkaharju', NULL, '58501', 'Finland', 3.5700, 'Cash', '2016-06-22 00:00:00', 'New', NULL, NULL),
	(4495, 208, 3, '2016-12-27 00:00:00', '2016-09-09 00:00:00', 'Sandra West', '0384 Bowman Center', NULL, 'Tagta', NULL, NULL, 'Turkmenistan', 6.4500, 'Cash', '2016-08-25 00:00:00', 'New', NULL, NULL),
	(4496, 218, 41, '2017-01-10 00:00:00', '2016-12-11 00:00:00', 'Dennis Meyer', '4 Cambridge Alley', NULL, 'Cariamanga', NULL, NULL, 'Ecuador', 5.3300, 'Checque', '2016-09-28 00:00:00', 'New', NULL, NULL),
	(4497, 216, 76, '2016-09-28 00:00:00', '2016-05-12 00:00:00', 'Frank Dean', '23227 Veith Park', NULL, 'Fengqiao', NULL, NULL, 'China', 6.7200, 'Cash', '2016-04-12 00:00:00', 'Complete', NULL, NULL),
	(4498, 204, 3, '2016-11-11 00:00:00', '2016-12-01 00:00:00', 'Amy Palmer', '7735 Maple Wood Road', NULL, 'Dzia?oszyce', NULL, '28-440', 'Poland', 3.0800, 'Card', '2016-09-07 00:00:00', 'Shipped', NULL, NULL),
	(4499, 211, 96, '2017-02-04 00:00:00', '2016-03-27 00:00:00', 'Emily Nelson', '3 Crownhardt Plaza', NULL, 'Oslob', NULL, '6025', 'Philippines', 6.4100, 'Card', '2016-09-25 00:00:00', 'On Hold', NULL, NULL),
	(4500, 204, 7, '2016-04-29 00:00:00', '2017-01-20 00:00:00', 'Randy Hanson', '687 Drewry Place', NULL, 'Barberena', NULL, '06002', 'Guatemala', 2.5100, 'Card', '2016-12-12 00:00:00', 'Complete', NULL, NULL),
	(4501, 215, 92, '2017-02-27 00:00:00', '2016-09-26 00:00:00', 'Raymond Banks', '826 Mendota Pass', NULL, 'Chicago', 'Illinois', '60681', 'United States', 3.3400, 'Card', '2016-10-30 00:00:00', 'Complete', NULL, NULL),
	(4502, 220, 24, '2016-10-01 00:00:00', '2016-09-26 00:00:00', 'Kimberly Robertson', '2643 Becker Trail', NULL, 'Columbus', 'Georgia', '31904', 'United States', 3.0700, 'Checque', '2016-04-27 00:00:00', 'Complete', NULL, NULL),
	(4503, 215, 52, '2017-02-25 00:00:00', '2016-08-08 00:00:00', 'Marilyn Miller', '1 Tennessee Park', NULL, 'Spokane', 'Washington', '99252', 'United States', 5.3400, 'Checque', '2016-08-16 00:00:00', 'On Hold', NULL, NULL),
	(4504, 220, 35, '2017-01-27 00:00:00', '2016-09-08 00:00:00', 'Marie Carpenter', '4575 Fair Oaks Hill', NULL, 'Richmond', 'Virginia', '23293', 'United States', 7.0100, 'Cash', '2016-04-06 00:00:00', 'Shipped', NULL, NULL),
	(4505, 203, 10, '2016-06-24 00:00:00', '2017-02-22 00:00:00', 'Nicholas Wells', '823 Duke Center', NULL, 'Irvine', 'California', '92710', 'United States', 1.4000, 'Checque', '2016-06-17 00:00:00', 'On Hold', NULL, NULL),
	(4506, 207, 26, '2016-12-26 00:00:00', '2017-03-14 00:00:00', 'John Dean', '06 Spenser Place', NULL, 'Charleston', 'South Carolina', '29403', 'United States', 1.3100, 'Cash', '2016-10-25 00:00:00', 'Shipped', NULL, NULL),
	(4507, 216, 28, '2016-08-22 00:00:00', '2016-12-13 00:00:00', 'Diana Spencer', '26 Ridgeway Plaza', NULL, 'Ogden', 'Utah', '84403', 'United States', 9.4200, 'Cash', '2016-04-13 00:00:00', 'Shipped', NULL, NULL),
	(4508, 213, 90, '2016-08-31 00:00:00', '2017-01-13 00:00:00', 'Wanda Bowman', '862 Iowa Avenue', NULL, 'Kansas City', 'Kansas', '66160', 'United States', 7.1000, 'Cash', '2016-10-19 00:00:00', 'Complete', NULL, NULL),
	(4509, 204, 93, '2016-07-07 00:00:00', '2016-05-31 00:00:00', 'Andrew Garrett', '27066 Gina Road', NULL, 'El Paso', 'Texas', '88558', 'United States', 6.8800, 'Checque', '2016-04-23 00:00:00', 'Complete', NULL, NULL),
	(4510, 202, 56, '2017-02-06 00:00:00', '2016-10-29 00:00:00', 'Juan Webb', '6233 South Junction', NULL, 'Lafayette', 'Louisiana', '70505', 'United States', 1.0700, 'Cash', '2016-05-20 00:00:00', 'New', NULL, NULL),
	(4511, 219, 54, '2016-11-08 00:00:00', '2016-06-17 00:00:00', 'William Gardner', '5 Meadow Ridge Terrace', NULL, 'Tacoma', 'Washington', '98447', 'United States', 4.4600, 'Checque', '2016-05-25 00:00:00', 'Complete', NULL, NULL),
	(4512, 215, 4, '2016-09-09 00:00:00', '2016-08-21 00:00:00', 'Fred Fernandez', '15 Ludington Junction', NULL, 'San Rafael', 'California', '94913', 'United States', 4.3000, 'Cash', '2016-09-02 00:00:00', 'New', NULL, NULL),
	(4513, 206, 54, '2016-10-28 00:00:00', '2016-06-30 00:00:00', 'Ruth Ellis', '41196 Rieder Avenue', NULL, 'Baltimore', 'Maryland', '21211', 'United States', 8.3900, 'Card', '2016-05-29 00:00:00', 'Complete', NULL, NULL),
	(4514, 215, 73, '2017-02-26 00:00:00', '2016-09-17 00:00:00', 'David Ferguson', '5813 Brown Parkway', NULL, 'Shawnee Mission', 'Kansas', '66286', 'United States', 2.7100, 'Card', '2016-04-18 00:00:00', 'Shipped', NULL, NULL),
	(4515, 216, 23, '2016-11-08 00:00:00', '2016-06-27 00:00:00', 'Susan Freeman', '0 Bashford Parkway', NULL, 'Tucson', 'Arizona', '85720', 'United States', 5.5000, 'Checque', '2017-02-01 00:00:00', 'Shipped', NULL, NULL),
	(4516, 212, 9, '2016-04-30 00:00:00', '2016-12-31 00:00:00', 'Alan Hunt', '193 Declaration Plaza', NULL, 'Louisville', 'Kentucky', '40256', 'United States', 9.7400, 'Cash', '2017-01-20 00:00:00', 'On Hold', NULL, NULL),
	(4517, 202, 46, '2017-02-01 00:00:00', '2016-07-22 00:00:00', 'Phillip Romero', '1860 Thompson Crossing', NULL, 'Biloxi', 'Mississippi', '39534', 'United States', 3.0200, 'Card', '2016-11-04 00:00:00', 'Complete', NULL, NULL),
	(4518, 203, 75, '2016-09-07 00:00:00', '2016-11-14 00:00:00', 'George Diaz', '6 Mcguire Center', NULL, 'Mesa', 'Arizona', '85210', 'United States', 7.8400, 'Checque', '2016-06-21 00:00:00', 'Shipped', NULL, NULL),
	(4519, 217, 68, '2016-10-07 00:00:00', '2016-08-15 00:00:00', 'Virginia King', '7405 High Crossing Alley', NULL, 'Sioux City', 'Iowa', '51105', 'United States', 4.0300, 'Checque', '2016-05-09 00:00:00', 'Complete', NULL, NULL),
	(4520, 216, 6, '2017-02-18 00:00:00', '2017-02-17 00:00:00', 'Brenda Ruiz', '224 Badeau Street', NULL, 'Corpus Christi', 'Texas', '78426', 'United States', 9.1100, 'Checque', '2016-11-13 00:00:00', 'New', NULL, NULL),
	(4521, 201, 84, '2016-09-17 00:00:00', '2016-06-15 00:00:00', 'Debra Brown', '94 Morningstar Center', NULL, 'San Francisco', 'California', '94177', 'United States', 6.5900, 'Checque', '2017-03-10 00:00:00', 'Shipped', NULL, NULL),
	(4522, 205, 89, '2016-10-22 00:00:00', '2017-03-13 00:00:00', 'Emily Henry', '79 Manufacturers Center', NULL, 'Los Angeles', 'California', '90020', 'United States', 4.1100, 'Cash', '2016-10-27 00:00:00', 'Complete', NULL, NULL),
	(4523, 211, 67, '2016-04-17 00:00:00', '2017-02-12 00:00:00', 'Aaron Peterson', '504 Schlimgen Terrace', NULL, 'Bethesda', 'Maryland', '20892', 'United States', 5.4200, 'Card', '2016-08-25 00:00:00', 'Shipped', NULL, NULL),
	(4524, 215, 83, '2016-08-22 00:00:00', '2016-07-31 00:00:00', 'Janice Burke', '3 Mcbride Lane', NULL, 'Washington', 'District of Columbia', '20073', 'United States', 3.7600, 'Card', '2016-08-09 00:00:00', 'Shipped', NULL, NULL),
	(4525, 217, 100, '2016-03-31 00:00:00', '2016-12-09 00:00:00', 'Debra Kelley', '18155 Northview Plaza', NULL, 'Detroit', 'Michigan', '48267', 'United States', 2.2600, 'Cash', '2016-12-29 00:00:00', 'On Hold', NULL, NULL),
	(4526, 214, 32, '2016-11-24 00:00:00', '2016-03-28 00:00:00', 'Donald Sims', '86 Michigan Avenue', NULL, 'Brooklyn', 'New York', '11231', 'United States', 5.0500, 'Checque', '2016-08-07 00:00:00', 'Shipped', NULL, NULL),
	(4527, 205, 100, '2016-05-13 00:00:00', '2016-06-17 00:00:00', 'Daniel Mason', '4 Hanover Road', NULL, 'Reno', 'Nevada', '89595', 'United States', 4.8100, 'Checque', '2016-10-22 00:00:00', 'Shipped', NULL, NULL),
	(4528, 201, 32, '2016-11-15 00:00:00', '2016-11-16 00:00:00', 'Howard Knight', '5 Weeping Birch Alley', NULL, 'Jacksonville', 'Florida', '32225', 'United States', 5.9900, 'Checque', '2016-11-07 00:00:00', 'New', NULL, NULL),
	(4529, 213, 99, '2016-12-02 00:00:00', '2016-07-09 00:00:00', 'Virginia Hughes', '629 Manufacturers Point', NULL, 'Syracuse', 'New York', '13224', 'United States', 5.6000, 'Card', '2016-12-02 00:00:00', 'Complete', NULL, NULL),
	(4530, 219, 18, '2016-12-07 00:00:00', '2017-02-07 00:00:00', 'Carl Graham', '90 Heffernan Pass', NULL, 'Saint Petersburg', 'Florida', '33737', 'United States', 9.3500, 'Checque', '2016-10-18 00:00:00', 'Complete', NULL, NULL),
	(4531, 201, 57, '2016-12-26 00:00:00', '2016-12-29 00:00:00', 'Joan Murray', '38 Bellgrove Crossing', NULL, 'Tacoma', 'Washington', '98447', 'United States', 6.6900, 'Card', '2016-12-05 00:00:00', 'On Hold', NULL, NULL),
	(4532, 202, 58, '2016-04-02 00:00:00', '2016-07-01 00:00:00', 'Robert Williams', '09407 Northfield Circle', NULL, 'Cedar Rapids', 'Iowa', '52410', 'United States', 6.5600, 'Card', '2016-04-16 00:00:00', 'On Hold', NULL, NULL),
	(4533, 218, 36, '2017-02-07 00:00:00', '2016-05-05 00:00:00', 'Ryan Black', '57199 Hoffman Place', NULL, 'Jacksonville', 'Florida', '32204', 'United States', 8.5400, 'Checque', '2017-01-24 00:00:00', 'Shipped', NULL, NULL),
	(4534, 208, 92, '2016-07-09 00:00:00', '2016-06-20 00:00:00', 'Brenda Hunter', '16179 Ludington Court', NULL, 'Birmingham', 'Alabama', '35263', 'United States', 9.8200, 'Cash', '2016-09-30 00:00:00', 'New', NULL, NULL),
	(4535, 214, 70, '2016-08-04 00:00:00', '2016-06-29 00:00:00', 'Anne Warren', '08161 Barnett Parkway', NULL, 'Van Nuys', 'California', '91411', 'United States', 7.0400, 'Cash', '2017-02-24 00:00:00', 'Complete', NULL, NULL),
	(4536, 213, 99, '2017-01-11 00:00:00', '2017-01-21 00:00:00', 'Betty Snyder', '9 Badeau Court', NULL, 'Davenport', 'Iowa', '52804', 'United States', 8.7200, 'Card', '2016-09-03 00:00:00', 'Shipped', NULL, NULL),
	(4537, 217, 76, '2016-07-31 00:00:00', '2017-02-13 00:00:00', 'Edward Wilson', '1031 Esch Drive', NULL, 'Fresno', 'California', '93750', 'United States', 1.6400, 'Checque', '2016-04-21 00:00:00', 'On Hold', NULL, NULL),
	(4538, 210, 60, '2016-06-22 00:00:00', '2016-04-10 00:00:00', 'Terry Butler', '124 Hoepker Pass', NULL, 'San Antonio', 'Texas', '78255', 'United States', 2.3500, 'Checque', '2017-01-31 00:00:00', 'Complete', NULL, NULL),
	(4539, 220, 5, '2016-11-12 00:00:00', '2016-04-25 00:00:00', 'Emily Hawkins', '990 Quincy Drive', NULL, 'Richmond', 'Virginia', '23289', 'United States', 4.3600, 'Card', '2016-09-17 00:00:00', 'Complete', NULL, NULL),
	(4540, 213, 42, '2017-02-28 00:00:00', '2017-02-11 00:00:00', 'Cynthia Rose', '8881 Packers Trail', NULL, 'Berkeley', 'California', '94712', 'United States', 6.0900, 'Checque', '2016-04-14 00:00:00', 'New', NULL, NULL),
	(4541, 204, 27, '2016-09-30 00:00:00', '2017-01-28 00:00:00', 'Lisa Turner', '83 Graedel Terrace', NULL, 'Oakland', 'California', '94611', 'United States', 9.6100, 'Card', '2016-05-07 00:00:00', 'Shipped', NULL, NULL),
	(4542, 219, 26, '2016-07-13 00:00:00', '2016-03-23 00:00:00', 'Jason Price', '475 Meadow Valley Point', NULL, 'Annapolis', 'Maryland', '21405', 'United States', 2.9300, 'Checque', '2016-06-10 00:00:00', 'New', NULL, NULL),
	(4543, 202, 63, '2016-07-29 00:00:00', '2016-05-20 00:00:00', 'Joan Hayes', '7 Upham Center', NULL, 'Temple', 'Texas', '76505', 'United States', 7.3900, 'Card', '2016-09-20 00:00:00', 'Complete', NULL, NULL),
	(4544, 212, 97, '2016-10-31 00:00:00', '2017-01-16 00:00:00', 'Paula Torres', '443 Debs Terrace', NULL, 'Racine', 'Wisconsin', '53405', 'United States', 3.9300, 'Card', '2016-07-07 00:00:00', 'Shipped', NULL, NULL),
	(4545, 201, 33, '2017-03-08 00:00:00', '2016-08-21 00:00:00', 'Theresa Watkins', '85395 Rusk Center', NULL, 'Jackson', 'Mississippi', '39210', 'United States', 5.3200, 'Card', '2016-11-19 00:00:00', 'Complete', NULL, NULL),
	(4546, 211, 68, '2016-05-25 00:00:00', '2016-07-17 00:00:00', 'Clarence Nguyen', '155 Northport Road', NULL, 'Greensboro', 'North Carolina', '27455', 'United States', 7.0600, 'Cash', '2016-08-24 00:00:00', 'Shipped', NULL, NULL),
	(4547, 203, 73, '2016-05-03 00:00:00', '2016-10-23 00:00:00', 'Jean Mason', '03 Eagle Crest Lane', NULL, 'Colorado Springs', 'Colorado', '80935', 'United States', 4.2000, 'Cash', '2016-04-07 00:00:00', 'New', NULL, NULL),
	(4548, 217, 2, '2016-05-20 00:00:00', '2016-08-07 00:00:00', 'Nicole Brown', '364 Debra Lane', NULL, 'Washington', 'District of Columbia', '20046', 'United States', 7.9700, 'Cash', '2016-04-30 00:00:00', 'New', NULL, NULL),
	(4549, 220, 89, '2016-04-11 00:00:00', '2016-12-11 00:00:00', 'Carol Chapman', '756 Muir Point', NULL, 'Washington', 'District of Columbia', '20397', 'United States', 2.2100, 'Card', '2017-02-05 00:00:00', 'Shipped', NULL, NULL),
	(4550, 211, 13, '2016-04-16 00:00:00', '2016-08-03 00:00:00', 'Roy George', '8 Anhalt Terrace', NULL, 'Indianapolis', 'Indiana', '46207', 'United States', 4.5000, 'Checque', '2017-03-06 00:00:00', 'New', NULL, NULL),
	(4551, 219, 37, '2016-04-14 00:00:00', '2017-03-01 00:00:00', 'Heather Bishop', '0901 Tennessee Street', NULL, 'Kingsport', 'Tennessee', '37665', 'United States', 1.9200, 'Card', '2017-01-02 00:00:00', 'Shipped', NULL, NULL),
	(4552, 218, 94, '2017-03-05 00:00:00', '2016-06-01 00:00:00', 'Wayne Mason', '90645 Carberry Drive', NULL, 'Madison', 'Wisconsin', '53716', 'United States', 6.9600, 'Card', '2016-12-31 00:00:00', 'Complete', NULL, NULL),
	(4553, 212, 37, '2016-10-16 00:00:00', '2016-10-13 00:00:00', 'Gloria Elliott', '100 Granby Junction', NULL, 'Miami', 'Florida', '33153', 'United States', 9.2500, 'Cash', '2016-06-09 00:00:00', 'Shipped', NULL, NULL),
	(4554, 217, 4, '2016-06-05 00:00:00', '2016-07-26 00:00:00', 'Timothy Hayes', '6001 Elgar Circle', NULL, 'Pensacola', 'Florida', '32575', 'United States', 6.5000, 'Cash', '2016-03-30 00:00:00', 'Complete', NULL, NULL),
	(4555, 207, 49, '2016-08-19 00:00:00', '2016-08-15 00:00:00', 'Judith Baker', '3436 Briar Crest Park', NULL, 'Newark', 'New Jersey', '07188', 'United States', 2.3300, 'Checque', '2016-09-17 00:00:00', 'Complete', NULL, NULL),
	(4556, 217, 17, '2016-11-18 00:00:00', '2016-12-10 00:00:00', 'Roy Russell', '6401 Graedel Court', NULL, 'Alexandria', 'Virginia', '22301', 'United States', 3.2400, 'Checque', '2016-04-08 00:00:00', 'Complete', NULL, NULL),
	(4557, 216, 35, '2016-09-11 00:00:00', '2016-05-07 00:00:00', 'Jacqueline Davis', '864 Cherokee Lane', NULL, 'Columbus', 'Ohio', '43226', 'United States', 4.7000, 'Card', '2016-08-06 00:00:00', 'Shipped', NULL, NULL),
	(4558, 211, 20, '2016-10-06 00:00:00', '2016-07-15 00:00:00', 'Eugene Castillo', '03090 Northland Circle', NULL, 'Salt Lake City', 'Utah', '84199', 'United States', 9.3600, 'Card', '2016-10-06 00:00:00', 'Complete', NULL, NULL),
	(4559, 216, 13, '2017-01-13 00:00:00', '2016-03-28 00:00:00', 'Janice Mills', '522 Holmberg Alley', NULL, 'Scottsdale', 'Arizona', '85271', 'United States', 7.3100, 'Cash', '2016-05-15 00:00:00', 'On Hold', NULL, NULL),
	(4560, 211, 77, '2016-08-24 00:00:00', '2017-03-13 00:00:00', 'Ruby White', '0070 Corben Way', NULL, 'Naples', 'Florida', '34114', 'United States', 3.7100, 'Checque', '2016-07-17 00:00:00', 'On Hold', NULL, NULL),
	(4561, 219, 55, '2016-08-13 00:00:00', '2016-11-19 00:00:00', 'Frank Jackson', '25 Rigney Point', NULL, 'Washington', 'District of Columbia', '20420', 'United States', 1.9400, 'Cash', '2016-06-12 00:00:00', 'Shipped', NULL, NULL),
	(4562, 207, 96, '2016-10-12 00:00:00', '2016-12-04 00:00:00', 'Pamela Peterson', '830 Loftsgordon Junction', NULL, 'Houston', 'Texas', '77281', 'United States', 1.4500, 'Checque', '2017-03-06 00:00:00', 'New', NULL, NULL),
	(4563, 204, 70, '2016-07-23 00:00:00', '2017-02-06 00:00:00', 'Martha Frazier', '3 Gerald Lane', NULL, 'Scottsdale', 'Arizona', '85260', 'United States', 2.7400, 'Cash', '2017-01-19 00:00:00', 'New', NULL, NULL),
	(4564, 204, 59, '2017-02-26 00:00:00', '2016-10-23 00:00:00', 'Kenneth Hawkins', '27305 Maple Crossing', NULL, 'San Diego', 'California', '92145', 'United States', 9.4100, 'Cash', '2017-02-09 00:00:00', 'On Hold', NULL, NULL),
	(4565, 203, 66, '2016-08-06 00:00:00', '2017-02-03 00:00:00', 'Barbara Collins', '8 Norway Maple Junction', NULL, 'Fort Worth', 'Texas', '76198', 'United States', 1.0800, 'Card', '2016-06-24 00:00:00', 'New', NULL, NULL),
	(4566, 217, 83, '2016-09-14 00:00:00', '2016-03-29 00:00:00', 'Gary Ellis', '97 Nobel Avenue', NULL, 'Alexandria', 'Louisiana', '71307', 'United States', 5.0500, 'Card', '2016-06-13 00:00:00', 'Shipped', NULL, NULL),
	(4567, 214, 63, '2017-03-04 00:00:00', '2016-11-05 00:00:00', 'Douglas Hughes', '98309 Mccormick Park', NULL, 'Kansas City', 'Kansas', '66160', 'United States', 1.4000, 'Card', '2017-02-13 00:00:00', 'Shipped', NULL, NULL),
	(4568, 208, 12, '2016-10-31 00:00:00', '2017-02-27 00:00:00', 'Harold Flores', '1 Merchant Lane', NULL, 'Duluth', 'Georgia', '30096', 'United States', 4.8400, 'Checque', '2016-04-30 00:00:00', 'On Hold', NULL, NULL),
	(4569, 201, 96, '2016-08-20 00:00:00', '2016-10-03 00:00:00', 'Marie Nguyen', '084 Stuart Hill', NULL, 'Arlington', 'Texas', '76004', 'United States', 5.9500, 'Cash', '2016-04-25 00:00:00', 'On Hold', NULL, NULL),
	(4570, 203, 1, '2016-10-13 00:00:00', '2016-03-21 00:00:00', 'Judy Fowler', '7541 Golf Course Way', NULL, 'Kansas City', 'Missouri', '64109', 'United States', 8.0200, 'Checque', '2016-05-05 00:00:00', 'New', NULL, NULL),
	(4571, 219, 49, '2016-11-04 00:00:00', '2016-09-02 00:00:00', 'Howard Rogers', '5 Scott Hill', NULL, 'Brooklyn', 'New York', '11215', 'United States', 5.2100, 'Cash', '2016-10-28 00:00:00', 'Complete', NULL, NULL),
	(4572, 215, 5, '2016-03-24 00:00:00', '2016-08-31 00:00:00', 'Stephanie Martinez', '0022 Reinke Trail', NULL, 'Baton Rouge', 'Louisiana', '70894', 'United States', 7.7400, 'Card', '2016-08-14 00:00:00', 'On Hold', NULL, NULL),
	(4573, 206, 61, '2016-08-31 00:00:00', '2016-07-10 00:00:00', 'Jacqueline Lane', '780 Elka Place', NULL, 'Cleveland', 'Ohio', '44105', 'United States', 9.1200, 'Checque', '2016-11-30 00:00:00', 'On Hold', NULL, NULL),
	(4574, 220, 65, '2016-06-26 00:00:00', '2016-06-25 00:00:00', 'Betty Harrison', '23089 Kensington Junction', NULL, 'Greensboro', 'North Carolina', '27404', 'United States', 5.6300, 'Checque', '2016-03-30 00:00:00', 'Complete', NULL, NULL),
	(4575, 212, 81, '2016-04-28 00:00:00', '2016-10-19 00:00:00', 'Robin Bradley', '7895 Weeping Birch Plaza', NULL, 'Waterbury', 'Connecticut', '06721', 'United States', 7.3400, 'Cash', '2017-01-25 00:00:00', 'On Hold', NULL, NULL),
	(4576, 216, 13, '2017-02-24 00:00:00', '2016-07-18 00:00:00', 'Ralph Bailey', '4019 Harper Park', NULL, 'Sacramento', 'California', '94291', 'United States', 6.7700, 'Cash', '2017-02-02 00:00:00', 'New', NULL, NULL),
	(4577, 203, 43, '2016-09-24 00:00:00', '2016-11-18 00:00:00', 'Melissa Ross', '775 Lyons Road', NULL, 'Bridgeport', 'Connecticut', '06606', 'United States', 1.6400, 'Checque', '2016-07-23 00:00:00', 'Shipped', NULL, NULL),
	(4578, 212, 53, '2016-07-05 00:00:00', '2016-06-19 00:00:00', 'Joan Russell', '0 Kings Terrace', NULL, 'Bloomington', 'Illinois', '61709', 'United States', 4.6600, 'Card', '2016-04-09 00:00:00', 'New', NULL, NULL),
	(4579, 214, 17, '2016-10-01 00:00:00', '2016-10-18 00:00:00', 'Benjamin George', '40131 Ronald Regan Road', NULL, 'Washington', 'District of Columbia', '20525', 'United States', 8.0400, 'Checque', '2016-06-16 00:00:00', 'Complete', NULL, NULL),
	(4580, 207, 69, '2016-04-19 00:00:00', '2017-02-09 00:00:00', 'Katherine Stone', '37483 Melrose Parkway', NULL, 'Fresno', 'California', '93794', 'United States', 6.7000, 'Checque', '2017-02-08 00:00:00', 'Complete', NULL, NULL),
	(4581, 218, 28, '2017-03-04 00:00:00', '2016-11-25 00:00:00', 'Ernest Cruz', '872 Nancy Street', NULL, 'Pompano Beach', 'Florida', '33069', 'United States', 5.8100, 'Cash', '2016-04-21 00:00:00', 'On Hold', NULL, NULL),
	(4582, 217, 32, '2017-03-16 00:00:00', '2016-06-08 00:00:00', 'Joshua Edwards', '72309 Elmside Point', NULL, 'San Francisco', 'California', '94110', 'United States', 2.4900, 'Cash', '2016-04-01 00:00:00', 'On Hold', NULL, NULL),
	(4583, 219, 83, '2017-01-24 00:00:00', '2016-07-25 00:00:00', 'Justin Mills', '88350 Wayridge Hill', NULL, 'Charleston', 'West Virginia', '25326', 'United States', 6.0300, 'Card', '2016-10-07 00:00:00', 'New', NULL, NULL),
	(4584, 208, 45, '2016-10-18 00:00:00', '2016-05-13 00:00:00', 'Kathleen Gibson', '25 Carpenter Lane', NULL, 'Reno', 'Nevada', '89505', 'United States', 5.4100, 'Checque', '2016-08-21 00:00:00', 'Shipped', NULL, NULL),
	(4585, 216, 71, '2016-09-19 00:00:00', '2016-10-15 00:00:00', 'Ruby Bennett', '1 Muir Pass', NULL, 'Las Vegas', 'Nevada', '89135', 'United States', 2.5000, 'Cash', '2016-11-29 00:00:00', 'On Hold', NULL, NULL),
	(4586, 214, 48, '2016-08-07 00:00:00', '2016-08-12 00:00:00', 'Richard Robinson', '1125 Melvin Terrace', NULL, 'Bethesda', 'Maryland', '20816', 'United States', 4.0200, 'Card', '2017-01-09 00:00:00', 'Complete', NULL, NULL),
	(4587, 212, 62, '2016-12-17 00:00:00', '2017-01-23 00:00:00', 'Debra Sanchez', '534 Stoughton Lane', NULL, 'Johnstown', 'Pennsylvania', '15906', 'United States', 8.7800, 'Cash', '2016-08-07 00:00:00', 'Shipped', NULL, NULL),
	(4588, 216, 30, '2016-10-24 00:00:00', '2016-12-21 00:00:00', 'Willie Dean', '680 Northview Circle', NULL, 'Huntington', 'West Virginia', '25775', 'United States', 8.4300, 'Card', '2017-03-12 00:00:00', 'New', NULL, NULL),
	(4589, 210, 10, '2017-01-01 00:00:00', '2016-09-22 00:00:00', 'Christina Kelley', '8706 Sundown Street', NULL, 'Peoria', 'Illinois', '61635', 'United States', 4.2400, 'Cash', '2017-02-08 00:00:00', 'On Hold', NULL, NULL),
	(4590, 205, 6, '2016-11-29 00:00:00', '2017-02-23 00:00:00', 'Russell Montgomery', '977 Packers Drive', NULL, 'Charlotte', 'North Carolina', '28247', 'United States', 2.8700, 'Cash', '2016-05-30 00:00:00', 'Complete', NULL, NULL),
	(4591, 206, 15, '2016-03-28 00:00:00', '2017-02-23 00:00:00', 'Edward Cunningham', '283 Bultman Way', NULL, 'Jacksonville', 'Florida', '32277', 'United States', 6.5500, 'Checque', '2017-03-10 00:00:00', 'Shipped', NULL, NULL),
	(4592, 209, 82, '2016-12-20 00:00:00', '2016-09-07 00:00:00', 'Michael Chavez', '00 Oak Avenue', NULL, 'Young America', 'Minnesota', '55551', 'United States', 8.2200, 'Checque', '2016-04-19 00:00:00', 'On Hold', NULL, NULL),
	(4593, 204, 24, '2017-03-13 00:00:00', '2016-08-30 00:00:00', 'David White', '506 Nevada Circle', NULL, 'Portland', 'Maine', '04109', 'United States', 1.1100, 'Card', '2017-01-13 00:00:00', 'On Hold', NULL, NULL),
	(4594, 206, 27, '2016-09-13 00:00:00', '2017-03-12 00:00:00', 'Cheryl Vasquez', '9070 Di Loreto Court', NULL, 'Van Nuys', 'California', '91499', 'United States', 7.4200, 'Card', '2017-02-25 00:00:00', 'On Hold', NULL, NULL),
	(4595, 211, 94, '2016-07-03 00:00:00', '2016-05-08 00:00:00', 'Charles Garrett', '1337 Hooker Trail', NULL, 'Honolulu', 'Hawaii', '96810', 'United States', 9.5700, 'Checque', '2016-10-04 00:00:00', 'Shipped', NULL, NULL),
	(4596, 216, 56, '2016-07-08 00:00:00', '2017-02-28 00:00:00', 'Michelle Butler', '1 Magdeline Lane', NULL, 'Orlando', 'Florida', '32813', 'United States', 7.0500, 'Checque', '2016-07-12 00:00:00', 'New', NULL, NULL),
	(4597, 217, 26, '2016-09-24 00:00:00', '2016-10-05 00:00:00', 'Howard Reyes', '3677 Donald Alley', NULL, 'Carol Stream', 'Illinois', '60351', 'United States', 7.6200, 'Cash', '2017-02-08 00:00:00', 'Complete', NULL, NULL),
	(4598, 212, 76, '2016-04-13 00:00:00', '2016-08-10 00:00:00', 'Eugene Kelly', '838 Becker Plaza', NULL, 'Laredo', 'Texas', '78044', 'United States', 4.9000, 'Checque', '2016-10-23 00:00:00', 'New', NULL, NULL),
	(4599, 208, 29, '2016-04-16 00:00:00', '2016-05-15 00:00:00', 'Jimmy Mcdonald', '0 Dayton Place', NULL, 'Rochester', 'New York', '14646', 'United States', 1.5600, 'Checque', '2017-01-14 00:00:00', 'Complete', NULL, NULL),
	(4600, 208, 2, '2016-04-26 00:00:00', '2016-04-06 00:00:00', 'Stephen Jacobs', '7131 Scoville Terrace', NULL, 'Phoenix', 'Arizona', '85020', 'United States', 4.5200, 'Cash', '2017-01-22 00:00:00', 'On Hold', NULL, NULL);
/*!40000 ALTER TABLE `shop_orders` ENABLE KEYS */;

-- Dumping structure for table netashop.shop_order_details
CREATE TABLE IF NOT EXISTS `shop_order_details` (
  `order_id` bigint(20) unsigned NOT NULL,
  `product_id` bigint(20) unsigned NOT NULL,
  `quantity` decimal(18,4) NOT NULL DEFAULT 0.0000,
  `unit_price` decimal(19,4) NOT NULL DEFAULT 0.0000,
  `discount_percentage` float NOT NULL DEFAULT 0,
  `discount_amout` double NOT NULL DEFAULT 0,
  `order_detail_status` varchar(50) COLLATE utf8mb4_unicode_ci DEFAULT NULL,
  `date_allocated` datetime DEFAULT NULL,
  PRIMARY KEY (`order_id`,`product_id`),
  KEY `fk_order_details__products` (`product_id`),
  CONSTRAINT `FK_order_details_orders` FOREIGN KEY (`order_id`) REFERENCES `shop_orders` (`id`),
  CONSTRAINT `FK_order_details_products` FOREIGN KEY (`product_id`) REFERENCES `shop_products` (`id`)
) ENGINE=InnoDB DEFAULT CHARSET=utf8mb4 COLLATE=utf8mb4_unicode_ci;

-- Dumping data for table netashop.shop_order_details: ~700 rows (approximately)
/*!40000 ALTER TABLE `shop_order_details` DISABLE KEYS */;
INSERT INTO `shop_order_details` (`order_id`, `product_id`, `quantity`, `unit_price`, `discount_percentage`, `discount_amout`, `order_detail_status`, `date_allocated`) VALUES
	(4001, 608, 1.0000, 6234000.0000, 8.73, 0, 'Allocated', '2017-01-15 00:00:00'),
	(4001, 609, 2.0000, 8183000.0000, 4.36, 0, 'No Stock', '2016-09-21 00:00:00'),
	(4002, 604, 3.0000, 9384000.0000, 2.86, 0, 'On Order', '2016-12-15 00:00:00'),
	(4002, 610, 4.0000, 7661000.0000, 8.65, 0, 'Allocated', '2016-10-12 00:00:00'),
	(4003, 602, 7.0000, 9384000.0000, 3.54, 0, 'No Stock', '2017-02-09 00:00:00'),
	(4003, 609, 8.0000, 8183000.0000, 4.01, 0, 'No Stock', '2016-06-15 00:00:00'),
	(4008, 608, 1.0000, 6234000.0000, 8.94, 0, 'Allocated', '2017-01-13 00:00:00'),
	(4009, 601, 9.0000, 2339000.0000, 4.48, 0, 'Allocated', '2016-10-18 00:00:00'),
	(4009, 605, 6.0000, 9384000.0000, 5.68, 0, 'No Stock', '2017-02-13 00:00:00'),
	(4009, 610, 6.0000, 7661000.0000, 5, 0, 'No Stock', '2016-09-16 00:00:00'),
	(4010, 601, 1.0000, 2339000.0000, 9.41, 0, 'On Order', '2016-03-17 00:00:00'),
	(4010, 602, 1.0000, 9384000.0000, 7.18, 0, 'No Stock', '2016-12-30 00:00:00'),
	(4010, 603, 10.0000, 9384000.0000, 2.76, 0, 'Allocated', '2016-07-05 00:00:00'),
	(4010, 610, 6.0000, 7661000.0000, 3.02, 0, 'On Order', '2016-07-17 00:00:00'),
	(4011, 601, 9.0000, 2339000.0000, 3.93, 0, 'Allocated', '2016-06-10 00:00:00'),
	(4011, 604, 10.0000, 9384000.0000, 9.3, 0, 'No Stock', '2016-04-04 00:00:00'),
	(4011, 606, 5.0000, 1170000.0000, 1.76, 0, 'Allocated', '2016-06-30 00:00:00'),
	(4011, 608, 3.0000, 6234000.0000, 4.6, 0, 'On Order', '2016-06-04 00:00:00'),
	(4012, 604, 5.0000, 9384000.0000, 9.97, 0, 'No Stock', '2016-09-21 00:00:00'),
	(4014, 601, 3.0000, 2339000.0000, 4.99, 0, 'Allocated', '2016-08-21 00:00:00'),
	(4015, 601, 8.0000, 2339000.0000, 1.11, 0, 'On Order', '2016-08-15 00:00:00'),
	(4015, 608, 2.0000, 6234000.0000, 4.14, 0, 'Allocated', '2016-04-07 00:00:00'),
	(4015, 609, 8.0000, 8183000.0000, 6.62, 0, 'Allocated', '2017-03-13 00:00:00'),
	(4017, 605, 6.0000, 9384000.0000, 2.1, 0, 'On Order', '2017-02-15 00:00:00'),
	(4017, 607, 6.0000, 898000.0000, 9.26, 0, 'No Stock', '2016-04-02 00:00:00'),
	(4017, 610, 4.0000, 7661000.0000, 7.18, 0, 'On Order', '2016-04-30 00:00:00'),
	(4021, 604, 3.0000, 9384000.0000, 8.54, 0, 'No Stock', '2016-06-26 00:00:00'),
	(4022, 604, 7.0000, 9384000.0000, 4.62, 0, 'On Order', '2016-09-09 00:00:00'),
	(4022, 607, 1.0000, 898000.0000, 2.56, 0, 'On Order', '2016-10-18 00:00:00'),
	(4023, 601, 7.0000, 2339000.0000, 1.71, 0, 'No Stock', '2016-04-03 00:00:00'),
	(4023, 607, 6.0000, 898000.0000, 5.59, 0, 'On Order', '2016-11-15 00:00:00'),
	(4025, 602, 4.0000, 9384000.0000, 2.58, 0, 'On Order', '2016-09-11 00:00:00'),
	(4025, 608, 6.0000, 6234000.0000, 3.52, 0, 'Allocated', '2016-04-25 00:00:00'),
	(4028, 601, 8.0000, 2339000.0000, 1.78, 0, 'Allocated', '2016-12-09 00:00:00'),
	(4028, 605, 5.0000, 9384000.0000, 7.82, 0, 'On Order', '2016-07-24 00:00:00'),
	(4029, 604, 1.0000, 9384000.0000, 5.37, 0, 'On Order', '2016-11-26 00:00:00'),
	(4031, 605, 7.0000, 9384000.0000, 2.92, 0, 'No Stock', '2017-02-12 00:00:00'),
	(4033, 601, 4.0000, 2339000.0000, 6.19, 0, 'Allocated', '2016-05-09 00:00:00'),
	(4036, 604, 1.0000, 9384000.0000, 4.25, 0, 'No Stock', '2016-05-04 00:00:00'),
	(4036, 605, 6.0000, 9384000.0000, 9.97, 0, 'Allocated', '2017-02-25 00:00:00'),
	(4037, 601, 2.0000, 2339000.0000, 7.22, 0, 'On Order', '2017-03-01 00:00:00'),
	(4038, 602, 7.0000, 9384000.0000, 7.66, 0, 'On Order', '2016-07-13 00:00:00'),
	(4039, 609, 1.0000, 8183000.0000, 6.09, 0, 'No Stock', '2016-07-24 00:00:00'),
	(4040, 608, 2.0000, 6234000.0000, 6.72, 0, 'Allocated', '2016-04-24 00:00:00'),
	(4041, 601, 9.0000, 2339000.0000, 8.92, 0, 'No Stock', '2016-03-31 00:00:00'),
	(4043, 609, 8.0000, 8183000.0000, 8.57, 0, 'No Stock', '2016-06-18 00:00:00'),
	(4044, 602, 8.0000, 9384000.0000, 3.26, 0, 'On Order', '2016-11-05 00:00:00'),
	(4044, 608, 3.0000, 6234000.0000, 6.56, 0, 'On Order', '2017-02-11 00:00:00'),
	(4045, 603, 3.0000, 9384000.0000, 7.2, 0, 'No Stock', '2016-11-11 00:00:00'),
	(4045, 604, 10.0000, 9384000.0000, 6.8, 0, 'Allocated', '2016-11-13 00:00:00'),
	(4045, 608, 7.0000, 6234000.0000, 3.58, 0, 'Allocated', '2017-01-18 00:00:00'),
	(4047, 603, 2.0000, 9384000.0000, 8.77, 0, 'No Stock', '2016-06-17 00:00:00'),
	(4047, 606, 8.0000, 1170000.0000, 6.85, 0, 'No Stock', '2016-05-05 00:00:00'),
	(4048, 605, 7.0000, 9384000.0000, 2.44, 0, 'On Order', '2016-07-06 00:00:00'),
	(4049, 603, 7.0000, 9384000.0000, 5.77, 0, 'Allocated', '2017-02-22 00:00:00'),
	(4049, 608, 10.0000, 6234000.0000, 9.85, 0, 'No Stock', '2016-10-01 00:00:00'),
	(4049, 609, 10.0000, 8183000.0000, 2.75, 0, 'Allocated', '2017-01-26 00:00:00'),
	(4050, 606, 4.0000, 1170000.0000, 1.49, 0, 'No Stock', '2016-12-18 00:00:00'),
	(4050, 607, 2.0000, 898000.0000, 3.08, 0, 'On Order', '2016-04-24 00:00:00'),
	(4050, 608, 2.0000, 6234000.0000, 5.15, 0, 'No Stock', '2017-02-25 00:00:00'),
	(4051, 603, 1.0000, 9384000.0000, 1.77, 0, 'Allocated', '2016-07-02 00:00:00'),
	(4052, 605, 9.0000, 9384000.0000, 6.47, 0, 'No Stock', '2016-05-22 00:00:00'),
	(4054, 601, 10.0000, 2339000.0000, 9.19, 0, 'On Order', '2016-07-12 00:00:00'),
	(4055, 606, 10.0000, 1170000.0000, 3.06, 0, 'No Stock', '2016-11-20 00:00:00'),
	(4057, 608, 3.0000, 6234000.0000, 6.42, 0, 'On Order', '2016-08-19 00:00:00'),
	(4057, 609, 1.0000, 8183000.0000, 9.42, 0, 'On Order', '2016-10-01 00:00:00'),
	(4057, 610, 5.0000, 7661000.0000, 5.55, 0, 'No Stock', '2016-07-20 00:00:00'),
	(4058, 604, 6.0000, 9384000.0000, 6.96, 0, 'Allocated', '2016-05-20 00:00:00'),
	(4058, 607, 6.0000, 898000.0000, 4.3, 0, 'Allocated', '2016-06-19 00:00:00'),
	(4060, 603, 10.0000, 9384000.0000, 2.1, 0, 'On Order', '2017-02-05 00:00:00'),
	(4060, 604, 9.0000, 9384000.0000, 1.46, 0, 'Allocated', '2017-01-17 00:00:00'),
	(4061, 605, 1.0000, 9384000.0000, 2.51, 0, 'On Order', '2016-09-05 00:00:00'),
	(4062, 604, 1.0000, 9384000.0000, 4.91, 0, 'No Stock', '2016-11-20 00:00:00'),
	(4063, 608, 1.0000, 6234000.0000, 4.62, 0, 'Allocated', '2016-03-25 00:00:00'),
	(4064, 601, 1.0000, 2339000.0000, 6.79, 0, 'No Stock', '2016-07-06 00:00:00'),
	(4065, 610, 5.0000, 7661000.0000, 1.78, 0, 'Allocated', '2016-09-23 00:00:00'),
	(4066, 601, 7.0000, 2339000.0000, 7.22, 0, 'No Stock', '2016-03-27 00:00:00'),
	(4066, 604, 9.0000, 9384000.0000, 7.42, 0, 'Allocated', '2016-08-12 00:00:00'),
	(4068, 602, 4.0000, 9384000.0000, 5.17, 0, 'Allocated', '2016-08-30 00:00:00'),
	(4068, 603, 1.0000, 9384000.0000, 1.02, 0, 'On Order', '2016-10-12 00:00:00'),
	(4069, 603, 7.0000, 9384000.0000, 3.49, 0, 'Allocated', '2017-02-22 00:00:00'),
	(4070, 601, 5.0000, 2339000.0000, 4.09, 0, 'On Order', '2017-01-31 00:00:00'),
	(4072, 601, 3.0000, 2339000.0000, 9.61, 0, 'No Stock', '2016-11-25 00:00:00'),
	(4072, 602, 5.0000, 9384000.0000, 5.99, 0, 'No Stock', '2016-05-25 00:00:00'),
	(4074, 606, 10.0000, 1170000.0000, 3.63, 0, 'On Order', '2016-04-30 00:00:00'),
	(4075, 605, 8.0000, 9384000.0000, 9.16, 0, 'On Order', '2016-07-19 00:00:00'),
	(4075, 606, 1.0000, 1170000.0000, 8.66, 0, 'On Order', '2016-04-09 00:00:00'),
	(4077, 601, 9.0000, 2339000.0000, 4.5, 0, 'Allocated', '2017-03-10 00:00:00'),
	(4077, 602, 10.0000, 9384000.0000, 5.92, 0, 'No Stock', '2016-06-23 00:00:00'),
	(4077, 609, 1.0000, 8183000.0000, 3.74, 0, 'No Stock', '2016-12-07 00:00:00'),
	(4079, 601, 7.0000, 2339000.0000, 1.76, 0, 'On Order', '2017-03-04 00:00:00'),
	(4080, 608, 5.0000, 6234000.0000, 9.03, 0, 'On Order', '2016-11-13 00:00:00'),
	(4080, 609, 3.0000, 8183000.0000, 4.08, 0, 'Allocated', '2016-09-10 00:00:00'),
	(4081, 604, 9.0000, 9384000.0000, 8.45, 0, 'On Order', '2016-10-21 00:00:00'),
	(4083, 602, 1.0000, 9384000.0000, 5.16, 0, 'No Stock', '2016-09-16 00:00:00'),
	(4084, 604, 4.0000, 9384000.0000, 4.09, 0, 'Allocated', '2016-08-12 00:00:00'),
	(4085, 605, 8.0000, 9384000.0000, 7.49, 0, 'On Order', '2016-11-24 00:00:00'),
	(4086, 601, 2.0000, 2339000.0000, 1.63, 0, 'No Stock', '2016-09-01 00:00:00'),
	(4087, 601, 2.0000, 2339000.0000, 3.86, 0, 'No Stock', '2016-07-13 00:00:00'),
	(4088, 601, 3.0000, 2339000.0000, 3.74, 0, 'Allocated', '2016-11-15 00:00:00'),
	(4090, 609, 4.0000, 8183000.0000, 1.53, 0, 'No Stock', '2016-07-25 00:00:00'),
	(4092, 602, 5.0000, 9384000.0000, 7.92, 0, 'On Order', '2016-09-09 00:00:00'),
	(4093, 601, 8.0000, 2339000.0000, 5.92, 0, 'No Stock', '2016-07-09 00:00:00'),
	(4094, 605, 7.0000, 9384000.0000, 4.52, 0, 'On Order', '2017-02-21 00:00:00'),
	(4095, 602, 6.0000, 9384000.0000, 9.62, 0, 'On Order', '2017-02-26 00:00:00'),
	(4095, 604, 3.0000, 9384000.0000, 4.11, 0, 'No Stock', '2016-12-01 00:00:00'),
	(4095, 608, 1.0000, 6234000.0000, 5.54, 0, 'No Stock', '2016-03-27 00:00:00'),
	(4096, 601, 4.0000, 2339000.0000, 5.33, 0, 'No Stock', '2016-04-18 00:00:00'),
	(4097, 605, 4.0000, 9384000.0000, 5.61, 0, 'On Order', '2016-05-13 00:00:00'),
	(4097, 606, 3.0000, 1170000.0000, 3.59, 0, 'On Order', '2016-11-29 00:00:00'),
	(4098, 607, 8.0000, 898000.0000, 2.74, 0, 'No Stock', '2016-11-23 00:00:00'),
	(4099, 606, 2.0000, 1170000.0000, 5.84, 0, 'On Order', '2016-10-08 00:00:00'),
	(4100, 608, 3.0000, 6234000.0000, 1.25, 0, 'Allocated', '2016-11-16 00:00:00'),
	(4102, 608, 1.0000, 6234000.0000, 9.62, 0, 'On Order', '2016-10-01 00:00:00'),
	(4102, 609, 9.0000, 8183000.0000, 5.98, 0, 'On Order', '2016-10-14 00:00:00'),
	(4102, 610, 10.0000, 7661000.0000, 5.9, 0, 'On Order', '2016-08-20 00:00:00'),
	(4103, 606, 6.0000, 1170000.0000, 9.88, 0, 'No Stock', '2016-09-10 00:00:00'),
	(4103, 608, 1.0000, 6234000.0000, 9.79, 0, 'No Stock', '2016-12-26 00:00:00'),
	(4104, 603, 9.0000, 9384000.0000, 4.08, 0, 'Allocated', '2017-03-02 00:00:00'),
	(4105, 601, 5.0000, 2339000.0000, 1.99, 0, 'On Order', '2016-11-11 00:00:00'),
	(4105, 606, 9.0000, 1170000.0000, 4.48, 0, 'Allocated', '2017-01-06 00:00:00'),
	(4107, 603, 2.0000, 9384000.0000, 3.71, 0, 'On Order', '2016-07-20 00:00:00'),
	(4107, 604, 5.0000, 9384000.0000, 1.39, 0, 'No Stock', '2017-01-03 00:00:00'),
	(4107, 606, 8.0000, 1170000.0000, 1.21, 0, 'On Order', '2016-09-23 00:00:00'),
	(4107, 608, 1.0000, 6234000.0000, 8.72, 0, 'Allocated', '2016-12-19 00:00:00'),
	(4108, 604, 8.0000, 9384000.0000, 3.04, 0, 'On Order', '2017-01-01 00:00:00'),
	(4108, 609, 1.0000, 8183000.0000, 6.66, 0, 'Allocated', '2016-05-03 00:00:00'),
	(4109, 604, 9.0000, 9384000.0000, 9.43, 0, 'No Stock', '2016-10-21 00:00:00'),
	(4109, 609, 2.0000, 8183000.0000, 9.12, 0, 'No Stock', '2016-10-23 00:00:00'),
	(4110, 605, 3.0000, 9384000.0000, 7.86, 0, 'On Order', '2016-08-05 00:00:00'),
	(4110, 606, 2.0000, 1170000.0000, 7.4, 0, 'Allocated', '2016-06-07 00:00:00'),
	(4112, 607, 5.0000, 898000.0000, 9.44, 0, 'On Order', '2017-01-01 00:00:00'),
	(4112, 610, 1.0000, 7661000.0000, 8.3, 0, 'On Order', '2016-04-09 00:00:00'),
	(4113, 601, 3.0000, 2339000.0000, 3.61, 0, 'Allocated', '2016-08-24 00:00:00'),
	(4113, 604, 6.0000, 9384000.0000, 4.4, 0, 'Allocated', '2017-01-05 00:00:00'),
	(4113, 607, 6.0000, 898000.0000, 6.63, 0, 'On Order', '2016-05-01 00:00:00'),
	(4113, 609, 5.0000, 8183000.0000, 4.58, 0, 'Allocated', '2017-02-26 00:00:00'),
	(4114, 610, 6.0000, 7661000.0000, 4.79, 0, 'Allocated', '2017-01-18 00:00:00'),
	(4116, 610, 5.0000, 7661000.0000, 9.53, 0, 'On Order', '2016-05-11 00:00:00'),
	(4117, 603, 7.0000, 9384000.0000, 4.35, 0, 'On Order', '2016-04-18 00:00:00'),
	(4117, 610, 9.0000, 7661000.0000, 6.8, 0, 'Allocated', '2017-02-09 00:00:00'),
	(4118, 601, 8.0000, 2339000.0000, 8.73, 0, 'On Order', '2016-08-18 00:00:00'),
	(4121, 602, 2.0000, 9384000.0000, 6.48, 0, 'No Stock', '2016-06-03 00:00:00'),
	(4122, 606, 5.0000, 1170000.0000, 1.66, 0, 'No Stock', '2016-05-08 00:00:00'),
	(4123, 607, 10.0000, 898000.0000, 1.32, 0, 'Allocated', '2016-12-28 00:00:00'),
	(4124, 604, 1.0000, 9384000.0000, 6.75, 0, 'On Order', '2017-01-05 00:00:00'),
	(4125, 605, 9.0000, 9384000.0000, 1.61, 0, 'On Order', '2016-07-24 00:00:00'),
	(4125, 608, 1.0000, 6234000.0000, 2.72, 0, 'On Order', '2016-08-22 00:00:00'),
	(4126, 601, 10.0000, 2339000.0000, 9.08, 0, 'No Stock', '2017-02-24 00:00:00'),
	(4126, 610, 10.0000, 7661000.0000, 1.15, 0, 'On Order', '2016-09-29 00:00:00'),
	(4128, 605, 6.0000, 9384000.0000, 7.16, 0, 'No Stock', '2017-02-09 00:00:00'),
	(4128, 606, 3.0000, 1170000.0000, 2.72, 0, 'On Order', '2016-04-06 00:00:00'),
	(4129, 610, 5.0000, 7661000.0000, 8.17, 0, 'On Order', '2016-04-30 00:00:00'),
	(4130, 608, 6.0000, 6234000.0000, 8.39, 0, 'No Stock', '2017-02-27 00:00:00'),
	(4131, 602, 5.0000, 9384000.0000, 6.07, 0, 'No Stock', '2016-03-21 00:00:00'),
	(4132, 602, 7.0000, 9384000.0000, 3.58, 0, 'Allocated', '2016-06-21 00:00:00'),
	(4132, 604, 4.0000, 9384000.0000, 2.36, 0, 'No Stock', '2016-12-20 00:00:00'),
	(4132, 605, 5.0000, 9384000.0000, 9.78, 0, 'No Stock', '2016-08-03 00:00:00'),
	(4134, 606, 1.0000, 1170000.0000, 3.21, 0, 'Allocated', '2016-04-07 00:00:00'),
	(4134, 608, 1.0000, 6234000.0000, 8.68, 0, 'On Order', '2017-01-14 00:00:00'),
	(4135, 603, 2.0000, 9384000.0000, 2.61, 0, 'Allocated', '2017-01-02 00:00:00'),
	(4135, 607, 6.0000, 898000.0000, 6.23, 0, 'No Stock', '2016-12-16 00:00:00'),
	(4135, 608, 8.0000, 6234000.0000, 9.59, 0, 'No Stock', '2016-03-25 00:00:00'),
	(4135, 609, 6.0000, 8183000.0000, 2.9, 0, 'On Order', '2016-11-25 00:00:00'),
	(4136, 606, 10.0000, 1170000.0000, 8.15, 0, 'On Order', '2016-06-22 00:00:00'),
	(4137, 605, 2.0000, 9384000.0000, 6.08, 0, 'On Order', '2016-05-22 00:00:00'),
	(4138, 605, 6.0000, 9384000.0000, 3.68, 0, 'Allocated', '2016-09-17 00:00:00'),
	(4139, 601, 4.0000, 2339000.0000, 7.37, 0, 'No Stock', '2016-11-25 00:00:00'),
	(4140, 601, 8.0000, 2339000.0000, 2.49, 0, 'On Order', '2016-12-24 00:00:00'),
	(4140, 603, 10.0000, 9384000.0000, 6.8, 0, 'On Order', '2016-05-23 00:00:00'),
	(4141, 609, 7.0000, 8183000.0000, 1.51, 0, 'Allocated', '2017-02-10 00:00:00'),
	(4142, 607, 5.0000, 898000.0000, 1.64, 0, 'Allocated', '2016-08-02 00:00:00'),
	(4142, 608, 7.0000, 6234000.0000, 8.32, 0, 'No Stock', '2016-07-07 00:00:00'),
	(4143, 606, 3.0000, 1170000.0000, 4.9, 0, 'No Stock', '2016-10-25 00:00:00'),
	(4144, 604, 6.0000, 9384000.0000, 3.9, 0, 'Allocated', '2016-09-09 00:00:00'),
	(4145, 603, 3.0000, 9384000.0000, 8.04, 0, 'On Order', '2016-06-17 00:00:00'),
	(4146, 601, 8.0000, 2339000.0000, 6.14, 0, 'On Order', '2016-04-15 00:00:00'),
	(4148, 602, 4.0000, 9384000.0000, 1.73, 0, 'Allocated', '2016-03-26 00:00:00'),
	(4152, 608, 10.0000, 6234000.0000, 9.97, 0, 'No Stock', '2016-07-11 00:00:00'),
	(4155, 606, 7.0000, 1170000.0000, 2.57, 0, 'No Stock', '2017-02-11 00:00:00'),
	(4155, 607, 2.0000, 898000.0000, 5.25, 0, 'On Order', '2016-09-01 00:00:00'),
	(4155, 610, 6.0000, 7661000.0000, 6.31, 0, 'On Order', '2016-10-18 00:00:00'),
	(4157, 603, 9.0000, 9384000.0000, 5.35, 0, 'Allocated', '2016-08-03 00:00:00'),
	(4157, 607, 6.0000, 898000.0000, 3.9, 0, 'On Order', '2017-01-13 00:00:00'),
	(4158, 602, 1.0000, 9384000.0000, 6.29, 0, 'Allocated', '2016-04-14 00:00:00'),
	(4160, 608, 10.0000, 6234000.0000, 4.28, 0, 'Allocated', '2016-11-20 00:00:00'),
	(4160, 610, 8.0000, 7661000.0000, 5.88, 0, 'No Stock', '2017-01-04 00:00:00'),
	(4164, 607, 6.0000, 898000.0000, 4.32, 0, 'On Order', '2016-08-17 00:00:00'),
	(4165, 604, 8.0000, 9384000.0000, 7.56, 0, 'On Order', '2016-08-09 00:00:00'),
	(4166, 601, 3.0000, 2339000.0000, 9.92, 0, 'No Stock', '2016-09-01 00:00:00'),
	(4166, 602, 10.0000, 9384000.0000, 5.76, 0, 'Allocated', '2016-05-26 00:00:00'),
	(4167, 603, 5.0000, 9384000.0000, 1.14, 0, 'Allocated', '2016-06-20 00:00:00'),
	(4167, 608, 1.0000, 6234000.0000, 6.24, 0, 'No Stock', '2017-01-05 00:00:00'),
	(4168, 601, 1.0000, 2339000.0000, 7.44, 0, 'On Order', '2016-09-06 00:00:00'),
	(4169, 604, 2.0000, 9384000.0000, 2.26, 0, 'No Stock', '2017-01-16 00:00:00'),
	(4170, 607, 10.0000, 898000.0000, 9.02, 0, 'No Stock', '2017-02-11 00:00:00'),
	(4171, 610, 10.0000, 7661000.0000, 3.71, 0, 'Allocated', '2016-04-25 00:00:00'),
	(4172, 606, 6.0000, 1170000.0000, 2.95, 0, 'No Stock', '2016-04-11 00:00:00'),
	(4172, 609, 7.0000, 8183000.0000, 1.12, 0, 'Allocated', '2016-10-14 00:00:00'),
	(4173, 601, 10.0000, 2339000.0000, 9.03, 0, 'On Order', '2017-01-26 00:00:00'),
	(4174, 607, 8.0000, 898000.0000, 6.31, 0, 'No Stock', '2016-04-30 00:00:00'),
	(4174, 608, 2.0000, 6234000.0000, 7.15, 0, 'No Stock', '2016-07-08 00:00:00'),
	(4176, 601, 2.0000, 2339000.0000, 1.09, 0, 'Allocated', '2017-01-21 00:00:00'),
	(4177, 601, 2.0000, 2339000.0000, 2.99, 0, 'Allocated', '2016-05-07 00:00:00'),
	(4177, 604, 8.0000, 9384000.0000, 6.73, 0, 'On Order', '2016-04-05 00:00:00'),
	(4178, 605, 9.0000, 9384000.0000, 8.82, 0, 'Allocated', '2016-09-11 00:00:00'),
	(4178, 607, 9.0000, 898000.0000, 7.88, 0, 'No Stock', '2016-04-18 00:00:00'),
	(4180, 602, 7.0000, 9384000.0000, 6.05, 0, 'Allocated', '2016-11-30 00:00:00'),
	(4181, 602, 2.0000, 9384000.0000, 4.74, 0, 'Allocated', '2016-08-16 00:00:00'),
	(4181, 603, 3.0000, 9384000.0000, 2.49, 0, 'Allocated', '2016-04-18 00:00:00'),
	(4181, 604, 5.0000, 9384000.0000, 6.42, 0, 'No Stock', '2016-05-03 00:00:00'),
	(4183, 601, 1.0000, 2339000.0000, 8.16, 0, 'On Order', '2016-12-22 00:00:00'),
	(4184, 601, 2.0000, 2339000.0000, 2.74, 0, 'Allocated', '2016-09-16 00:00:00'),
	(4184, 603, 9.0000, 9384000.0000, 9.44, 0, 'No Stock', '2016-07-01 00:00:00'),
	(4184, 604, 1.0000, 9384000.0000, 3.48, 0, 'Allocated', '2016-04-02 00:00:00'),
	(4185, 602, 2.0000, 9384000.0000, 5.5, 0, 'On Order', '2016-10-20 00:00:00'),
	(4185, 607, 9.0000, 898000.0000, 1.57, 0, 'No Stock', '2016-10-19 00:00:00'),
	(4185, 608, 4.0000, 6234000.0000, 5.03, 0, 'Allocated', '2017-03-14 00:00:00'),
	(4185, 609, 10.0000, 8183000.0000, 4.27, 0, 'Allocated', '2017-02-05 00:00:00'),
	(4186, 605, 2.0000, 9384000.0000, 7.63, 0, 'On Order', '2017-01-31 00:00:00'),
	(4187, 602, 9.0000, 9384000.0000, 7.74, 0, 'On Order', '2016-11-13 00:00:00'),
	(4187, 606, 3.0000, 1170000.0000, 6.52, 0, 'On Order', '2016-09-15 00:00:00'),
	(4188, 604, 8.0000, 9384000.0000, 1.97, 0, 'No Stock', '2016-06-05 00:00:00'),
	(4188, 605, 5.0000, 9384000.0000, 6.11, 0, 'On Order', '2016-03-31 00:00:00'),
	(4188, 609, 3.0000, 8183000.0000, 8.76, 0, 'On Order', '2016-03-30 00:00:00'),
	(4189, 608, 4.0000, 6234000.0000, 3.08, 0, 'No Stock', '2016-04-12 00:00:00'),
	(4190, 601, 6.0000, 2339000.0000, 9.45, 0, 'Allocated', '2016-11-01 00:00:00'),
	(4190, 602, 10.0000, 9384000.0000, 4.18, 0, 'No Stock', '2016-03-29 00:00:00'),
	(4192, 601, 1.0000, 2339000.0000, 7.49, 0, 'No Stock', '2016-08-11 00:00:00'),
	(4192, 602, 4.0000, 9384000.0000, 5.09, 0, 'Allocated', '2017-02-14 00:00:00'),
	(4192, 605, 8.0000, 9384000.0000, 1.28, 0, 'On Order', '2017-02-14 00:00:00'),
	(4197, 608, 10.0000, 6234000.0000, 3.99, 0, 'On Order', '2016-10-30 00:00:00'),
	(4198, 606, 1.0000, 1170000.0000, 2.32, 0, 'No Stock', '2016-06-26 00:00:00'),
	(4199, 602, 8.0000, 9384000.0000, 9.45, 0, 'Allocated', '2016-04-16 00:00:00'),
	(4199, 603, 7.0000, 9384000.0000, 2.26, 0, 'No Stock', '2016-11-28 00:00:00'),
	(4200, 605, 10.0000, 9384000.0000, 1, 0, 'No Stock', '2017-03-07 00:00:00'),
	(4201, 606, 3.0000, 1170000.0000, 5.94, 0, 'Allocated', '2016-12-15 00:00:00'),
	(4201, 608, 2.0000, 6234000.0000, 5.87, 0, 'No Stock', '2016-09-12 00:00:00'),
	(4202, 609, 4.0000, 8183000.0000, 2.07, 0, 'No Stock', '2017-03-11 00:00:00'),
	(4203, 610, 2.0000, 7661000.0000, 6.46, 0, 'No Stock', '2016-10-27 00:00:00'),
	(4205, 610, 4.0000, 7661000.0000, 5.95, 0, 'No Stock', '2016-06-21 00:00:00'),
	(4206, 603, 2.0000, 9384000.0000, 6.94, 0, 'On Order', '2017-02-23 00:00:00'),
	(4206, 607, 6.0000, 898000.0000, 3.28, 0, 'No Stock', '2017-01-21 00:00:00'),
	(4207, 604, 9.0000, 9384000.0000, 7.01, 0, 'No Stock', '2016-08-17 00:00:00'),
	(4207, 605, 9.0000, 9384000.0000, 1.55, 0, 'On Order', '2016-06-27 00:00:00'),
	(4207, 610, 5.0000, 7661000.0000, 9.51, 0, 'On Order', '2016-05-17 00:00:00'),
	(4208, 603, 7.0000, 9384000.0000, 3.68, 0, 'Allocated', '2016-03-30 00:00:00'),
	(4208, 605, 5.0000, 9384000.0000, 2.76, 0, 'On Order', '2016-12-11 00:00:00'),
	(4208, 607, 1.0000, 898000.0000, 8.67, 0, 'No Stock', '2016-04-28 00:00:00'),
	(4208, 609, 1.0000, 8183000.0000, 1.98, 0, 'Allocated', '2016-10-04 00:00:00'),
	(4208, 610, 6.0000, 7661000.0000, 4.2, 0, 'No Stock', '2016-04-19 00:00:00'),
	(4209, 606, 6.0000, 1170000.0000, 8.98, 0, 'Allocated', '2016-04-20 00:00:00'),
	(4210, 603, 2.0000, 9384000.0000, 8.78, 0, 'No Stock', '2016-12-11 00:00:00'),
	(4210, 609, 7.0000, 8183000.0000, 6.89, 0, 'Allocated', '2016-06-23 00:00:00'),
	(4214, 608, 3.0000, 6234000.0000, 5.18, 0, 'Allocated', '2016-05-15 00:00:00'),
	(4214, 609, 7.0000, 8183000.0000, 8.17, 0, 'No Stock', '2016-07-08 00:00:00'),
	(4214, 610, 9.0000, 7661000.0000, 7.16, 0, 'On Order', '2017-02-13 00:00:00'),
	(4215, 610, 5.0000, 7661000.0000, 2.65, 0, 'Allocated', '2016-07-24 00:00:00'),
	(4216, 601, 1.0000, 2339000.0000, 8.94, 0, 'No Stock', '2016-05-06 00:00:00'),
	(4216, 606, 3.0000, 1170000.0000, 8.92, 0, 'Allocated', '2016-05-02 00:00:00'),
	(4216, 608, 8.0000, 6234000.0000, 3.7, 0, 'Allocated', '2017-02-24 00:00:00'),
	(4217, 605, 5.0000, 9384000.0000, 3.31, 0, 'On Order', '2016-11-09 00:00:00'),
	(4217, 610, 5.0000, 7661000.0000, 8.58, 0, 'On Order', '2016-07-27 00:00:00'),
	(4218, 601, 7.0000, 2339000.0000, 8.03, 0, 'Allocated', '2016-11-12 00:00:00'),
	(4218, 607, 9.0000, 898000.0000, 5.74, 0, 'On Order', '2016-11-08 00:00:00'),
	(4219, 603, 7.0000, 9384000.0000, 3.9, 0, 'No Stock', '2016-12-04 00:00:00'),
	(4219, 604, 9.0000, 9384000.0000, 2.42, 0, 'No Stock', '2016-10-31 00:00:00'),
	(4219, 607, 1.0000, 898000.0000, 7.38, 0, 'No Stock', '2016-08-06 00:00:00'),
	(4220, 604, 5.0000, 9384000.0000, 9.28, 0, 'No Stock', '2016-10-09 00:00:00'),
	(4220, 609, 6.0000, 8183000.0000, 9.71, 0, 'No Stock', '2016-04-06 00:00:00'),
	(4221, 602, 8.0000, 9384000.0000, 1.85, 0, 'Allocated', '2016-11-25 00:00:00'),
	(4222, 601, 10.0000, 2339000.0000, 2.59, 0, 'No Stock', '2016-06-25 00:00:00'),
	(4222, 604, 9.0000, 9384000.0000, 8.12, 0, 'No Stock', '2016-09-27 00:00:00'),
	(4223, 601, 4.0000, 2339000.0000, 6.75, 0, 'No Stock', '2017-03-04 00:00:00'),
	(4223, 602, 2.0000, 9384000.0000, 9.94, 0, 'Allocated', '2016-04-18 00:00:00'),
	(4225, 605, 7.0000, 9384000.0000, 8.69, 0, 'On Order', '2016-11-13 00:00:00'),
	(4226, 606, 1.0000, 1170000.0000, 3.54, 0, 'On Order', '2017-01-19 00:00:00'),
	(4226, 608, 4.0000, 6234000.0000, 4.73, 0, 'On Order', '2016-04-25 00:00:00'),
	(4227, 606, 9.0000, 1170000.0000, 1.85, 0, 'On Order', '2016-12-19 00:00:00'),
	(4231, 609, 6.0000, 8183000.0000, 2.56, 0, 'On Order', '2017-02-12 00:00:00'),
	(4232, 601, 8.0000, 2339000.0000, 7.26, 0, 'No Stock', '2016-11-28 00:00:00'),
	(4233, 608, 6.0000, 6234000.0000, 1.75, 0, 'Allocated', '2016-09-29 00:00:00'),
	(4234, 604, 5.0000, 9384000.0000, 9.54, 0, 'No Stock', '2016-04-06 00:00:00'),
	(4236, 607, 8.0000, 898000.0000, 4.9, 0, 'Allocated', '2017-02-16 00:00:00'),
	(4237, 602, 1.0000, 9384000.0000, 8.84, 0, 'No Stock', '2016-11-07 00:00:00'),
	(4238, 602, 3.0000, 9384000.0000, 2.63, 0, 'No Stock', '2016-04-09 00:00:00'),
	(4238, 608, 8.0000, 6234000.0000, 7.59, 0, 'On Order', '2016-08-18 00:00:00'),
	(4239, 606, 7.0000, 1170000.0000, 2.31, 0, 'Allocated', '2017-03-04 00:00:00'),
	(4240, 606, 10.0000, 1170000.0000, 2.48, 0, 'No Stock', '2017-02-05 00:00:00'),
	(4240, 609, 2.0000, 8183000.0000, 2.11, 0, 'No Stock', '2016-11-15 00:00:00'),
	(4242, 605, 6.0000, 9384000.0000, 8.56, 0, 'No Stock', '2016-06-10 00:00:00'),
	(4243, 604, 2.0000, 9384000.0000, 1.16, 0, 'No Stock', '2016-04-09 00:00:00'),
	(4244, 609, 4.0000, 8183000.0000, 7.49, 0, 'On Order', '2016-09-03 00:00:00'),
	(4245, 608, 1.0000, 6234000.0000, 9.9, 0, 'Allocated', '2017-03-14 00:00:00'),
	(4246, 603, 10.0000, 9384000.0000, 3.85, 0, 'No Stock', '2016-06-04 00:00:00'),
	(4246, 606, 7.0000, 1170000.0000, 9.37, 0, 'No Stock', '2016-07-05 00:00:00'),
	(4246, 607, 3.0000, 898000.0000, 1.97, 0, 'Allocated', '2016-11-15 00:00:00'),
	(4246, 609, 4.0000, 8183000.0000, 1.26, 0, 'No Stock', '2017-02-28 00:00:00'),
	(4247, 601, 4.0000, 2339000.0000, 4.54, 0, 'On Order', '2017-02-26 00:00:00'),
	(4247, 605, 2.0000, 9384000.0000, 5.9, 0, 'Allocated', '2016-12-15 00:00:00'),
	(4249, 601, 2.0000, 2339000.0000, 3.88, 0, 'On Order', '2016-06-09 00:00:00'),
	(4250, 602, 8.0000, 9384000.0000, 4.19, 0, 'Allocated', '2016-06-26 00:00:00'),
	(4250, 606, 7.0000, 1170000.0000, 3.39, 0, 'On Order', '2016-12-31 00:00:00'),
	(4251, 602, 1.0000, 9384000.0000, 1.73, 0, 'No Stock', '2016-12-07 00:00:00'),
	(4251, 604, 8.0000, 9384000.0000, 1.58, 0, 'Allocated', '2016-07-28 00:00:00'),
	(4252, 601, 3.0000, 2339000.0000, 4.91, 0, 'On Order', '2016-12-28 00:00:00'),
	(4252, 603, 10.0000, 9384000.0000, 4.18, 0, 'No Stock', '2017-03-03 00:00:00'),
	(4252, 606, 4.0000, 1170000.0000, 1.31, 0, 'No Stock', '2017-03-14 00:00:00'),
	(4254, 610, 3.0000, 7661000.0000, 9.93, 0, 'On Order', '2017-02-03 00:00:00'),
	(4255, 610, 7.0000, 7661000.0000, 8, 0, 'Allocated', '2016-08-01 00:00:00'),
	(4256, 604, 9.0000, 9384000.0000, 1.84, 0, 'No Stock', '2016-06-13 00:00:00'),
	(4256, 605, 2.0000, 9384000.0000, 4.97, 0, 'Allocated', '2016-10-02 00:00:00'),
	(4256, 608, 4.0000, 6234000.0000, 2.86, 0, 'Allocated', '2016-09-19 00:00:00'),
	(4258, 601, 3.0000, 2339000.0000, 3.65, 0, 'Allocated', '2017-02-27 00:00:00'),
	(4258, 605, 7.0000, 9384000.0000, 8.41, 0, 'On Order', '2016-06-02 00:00:00'),
	(4258, 609, 4.0000, 8183000.0000, 2.23, 0, 'Allocated', '2017-02-20 00:00:00'),
	(4260, 603, 1.0000, 9384000.0000, 1.99, 0, 'Allocated', '2016-09-20 00:00:00'),
	(4260, 604, 3.0000, 9384000.0000, 3.05, 0, 'No Stock', '2016-12-31 00:00:00'),
	(4262, 602, 4.0000, 9384000.0000, 3.06, 0, 'Allocated', '2017-01-17 00:00:00'),
	(4263, 608, 4.0000, 6234000.0000, 7.86, 0, 'Allocated', '2016-08-12 00:00:00'),
	(4264, 604, 8.0000, 9384000.0000, 9.19, 0, 'Allocated', '2016-11-28 00:00:00'),
	(4266, 601, 2.0000, 2339000.0000, 6.27, 0, 'Allocated', '2016-09-19 00:00:00'),
	(4267, 601, 4.0000, 2339000.0000, 6.86, 0, 'No Stock', '2016-09-27 00:00:00'),
	(4267, 610, 4.0000, 7661000.0000, 6.41, 0, 'No Stock', '2016-12-24 00:00:00'),
	(4268, 601, 1.0000, 2339000.0000, 8.14, 0, 'Allocated', '2016-06-08 00:00:00'),
	(4271, 603, 2.0000, 9384000.0000, 4.81, 0, 'Allocated', '2016-05-25 00:00:00'),
	(4271, 604, 8.0000, 9384000.0000, 4.02, 0, 'No Stock', '2016-05-09 00:00:00'),
	(4272, 610, 7.0000, 7661000.0000, 2.85, 0, 'No Stock', '2016-09-17 00:00:00'),
	(4273, 602, 10.0000, 9384000.0000, 8.44, 0, 'No Stock', '2016-12-19 00:00:00'),
	(4275, 601, 1.0000, 2339000.0000, 5.55, 0, 'No Stock', '2016-12-30 00:00:00'),
	(4275, 610, 8.0000, 7661000.0000, 8.65, 0, 'Allocated', '2016-10-28 00:00:00'),
	(4276, 603, 3.0000, 9384000.0000, 7.28, 0, 'No Stock', '2016-12-28 00:00:00'),
	(4277, 610, 9.0000, 7661000.0000, 8.62, 0, 'No Stock', '2016-11-10 00:00:00'),
	(4278, 603, 6.0000, 9384000.0000, 1.23, 0, 'Allocated', '2016-12-23 00:00:00'),
	(4278, 608, 4.0000, 6234000.0000, 9.45, 0, 'Allocated', '2016-10-05 00:00:00'),
	(4278, 609, 5.0000, 8183000.0000, 5.41, 0, 'No Stock', '2016-10-23 00:00:00'),
	(4280, 606, 5.0000, 1170000.0000, 2.76, 0, 'Allocated', '2016-05-27 00:00:00'),
	(4280, 609, 4.0000, 8183000.0000, 4.44, 0, 'On Order', '2016-08-10 00:00:00'),
	(4281, 610, 9.0000, 7661000.0000, 8.7, 0, 'On Order', '2016-12-28 00:00:00'),
	(4282, 601, 1.0000, 2339000.0000, 3.98, 0, 'On Order', '2016-11-09 00:00:00'),
	(4282, 606, 3.0000, 1170000.0000, 6.79, 0, 'On Order', '2016-09-29 00:00:00'),
	(4282, 609, 6.0000, 8183000.0000, 5.22, 0, 'Allocated', '2016-10-05 00:00:00'),
	(4283, 601, 1.0000, 2339000.0000, 3.31, 0, 'On Order', '2016-10-07 00:00:00'),
	(4284, 606, 5.0000, 1170000.0000, 7.22, 0, 'On Order', '2016-08-24 00:00:00'),
	(4285, 601, 8.0000, 2339000.0000, 2.13, 0, 'Allocated', '2016-03-27 00:00:00'),
	(4285, 604, 5.0000, 9384000.0000, 3.77, 0, 'No Stock', '2016-12-09 00:00:00'),
	(4286, 609, 5.0000, 8183000.0000, 7.62, 0, 'Allocated', '2016-12-06 00:00:00'),
	(4287, 602, 6.0000, 9384000.0000, 9.5, 0, 'On Order', '2016-10-06 00:00:00'),
	(4287, 604, 3.0000, 9384000.0000, 7.12, 0, 'On Order', '2017-03-04 00:00:00'),
	(4287, 605, 5.0000, 9384000.0000, 2.78, 0, 'Allocated', '2016-08-22 00:00:00'),
	(4287, 609, 1.0000, 8183000.0000, 3.39, 0, 'Allocated', '2016-07-18 00:00:00'),
	(4288, 604, 6.0000, 9384000.0000, 3.25, 0, 'Allocated', '2016-05-18 00:00:00'),
	(4289, 601, 7.0000, 2339000.0000, 7.31, 0, 'On Order', '2017-01-21 00:00:00'),
	(4289, 605, 10.0000, 9384000.0000, 2.08, 0, 'No Stock', '2016-06-03 00:00:00'),
	(4291, 601, 1.0000, 2339000.0000, 2.58, 0, 'Allocated', '2016-11-05 00:00:00'),
	(4291, 603, 5.0000, 9384000.0000, 5.56, 0, 'Allocated', '2016-06-10 00:00:00'),
	(4291, 606, 1.0000, 1170000.0000, 3.31, 0, 'Allocated', '2016-09-27 00:00:00'),
	(4292, 608, 10.0000, 6234000.0000, 4.8, 0, 'On Order', '2016-05-12 00:00:00'),
	(4292, 610, 9.0000, 7661000.0000, 5.96, 0, 'No Stock', '2016-05-05 00:00:00'),
	(4293, 608, 4.0000, 6234000.0000, 2.07, 0, 'Allocated', '2016-08-23 00:00:00'),
	(4294, 607, 4.0000, 898000.0000, 9.13, 0, 'Allocated', '2017-01-20 00:00:00'),
	(4297, 604, 4.0000, 9384000.0000, 1.7, 0, 'Allocated', '2016-08-20 00:00:00'),
	(4297, 606, 4.0000, 1170000.0000, 5.74, 0, 'No Stock', '2016-10-11 00:00:00'),
	(4299, 603, 8.0000, 9384000.0000, 5.69, 0, 'Allocated', '2016-07-06 00:00:00'),
	(4300, 601, 5.0000, 2339000.0000, 8.38, 0, 'On Order', '2016-12-23 00:00:00'),
	(4300, 607, 5.0000, 898000.0000, 6.82, 0, 'No Stock', '2016-07-29 00:00:00'),
	(4301, 604, 7.0000, 9384000.0000, 6.9, 0, 'Allocated', '2016-11-24 00:00:00'),
	(4301, 605, 6.0000, 9384000.0000, 1.22, 0, 'Allocated', '2016-09-02 00:00:00'),
	(4303, 605, 8.0000, 9384000.0000, 5.62, 0, 'On Order', '2016-04-09 00:00:00'),
	(4305, 602, 9.0000, 9384000.0000, 5.53, 0, 'On Order', '2016-10-01 00:00:00'),
	(4305, 606, 1.0000, 1170000.0000, 1.15, 0, 'On Order', '2016-12-03 00:00:00'),
	(4305, 609, 1.0000, 8183000.0000, 7.87, 0, 'Allocated', '2016-07-05 00:00:00'),
	(4307, 601, 7.0000, 2339000.0000, 3.9, 0, 'On Order', '2016-09-16 00:00:00'),
	(4307, 606, 10.0000, 1170000.0000, 8.96, 0, 'No Stock', '2017-02-25 00:00:00'),
	(4309, 606, 6.0000, 1170000.0000, 2.28, 0, 'On Order', '2016-04-07 00:00:00'),
	(4310, 605, 7.0000, 9384000.0000, 2.48, 0, 'Allocated', '2017-02-17 00:00:00'),
	(4311, 603, 2.0000, 9384000.0000, 6.18, 0, 'No Stock', '2016-05-06 00:00:00'),
	(4312, 607, 4.0000, 898000.0000, 6.57, 0, 'Allocated', '2017-03-14 00:00:00'),
	(4313, 602, 3.0000, 9384000.0000, 4.45, 0, 'On Order', '2016-08-30 00:00:00'),
	(4313, 610, 7.0000, 7661000.0000, 8.87, 0, 'No Stock', '2017-01-20 00:00:00'),
	(4314, 602, 9.0000, 9384000.0000, 2.67, 0, 'Allocated', '2016-07-24 00:00:00'),
	(4314, 607, 10.0000, 898000.0000, 8.12, 0, 'On Order', '2016-11-23 00:00:00'),
	(4315, 602, 7.0000, 9384000.0000, 3.78, 0, 'On Order', '2017-01-04 00:00:00'),
	(4318, 607, 5.0000, 898000.0000, 1.49, 0, 'On Order', '2016-04-16 00:00:00'),
	(4318, 609, 5.0000, 8183000.0000, 3.35, 0, 'No Stock', '2016-11-28 00:00:00'),
	(4318, 610, 4.0000, 7661000.0000, 3.7, 0, 'On Order', '2016-09-09 00:00:00'),
	(4322, 603, 2.0000, 9384000.0000, 9.37, 0, 'No Stock', '2016-11-29 00:00:00'),
	(4323, 608, 8.0000, 6234000.0000, 9.49, 0, 'On Order', '2016-08-12 00:00:00'),
	(4324, 607, 7.0000, 898000.0000, 1.48, 0, 'On Order', '2016-07-10 00:00:00'),
	(4325, 608, 10.0000, 6234000.0000, 1.8, 0, 'Allocated', '2016-09-01 00:00:00'),
	(4326, 602, 8.0000, 9384000.0000, 4.43, 0, 'No Stock', '2016-07-31 00:00:00'),
	(4326, 610, 2.0000, 7661000.0000, 8.1, 0, 'No Stock', '2016-03-29 00:00:00'),
	(4327, 608, 3.0000, 6234000.0000, 4.64, 0, 'Allocated', '2016-03-23 00:00:00'),
	(4328, 604, 1.0000, 9384000.0000, 3.16, 0, 'On Order', '2016-12-14 00:00:00'),
	(4328, 605, 2.0000, 9384000.0000, 6.97, 0, 'Allocated', '2017-03-04 00:00:00'),
	(4328, 607, 5.0000, 898000.0000, 3.59, 0, 'Allocated', '2016-08-01 00:00:00'),
	(4329, 603, 6.0000, 9384000.0000, 2.86, 0, 'On Order', '2016-10-25 00:00:00'),
	(4331, 602, 5.0000, 9384000.0000, 6.39, 0, 'No Stock', '2016-03-19 00:00:00'),
	(4332, 606, 5.0000, 1170000.0000, 3.31, 0, 'No Stock', '2016-08-09 00:00:00'),
	(4332, 610, 5.0000, 7661000.0000, 6.74, 0, 'Allocated', '2016-06-23 00:00:00'),
	(4333, 608, 7.0000, 6234000.0000, 3.95, 0, 'On Order', '2016-06-16 00:00:00'),
	(4335, 609, 6.0000, 8183000.0000, 9.3, 0, 'Allocated', '2016-08-31 00:00:00'),
	(4337, 610, 1.0000, 7661000.0000, 5.68, 0, 'Allocated', '2016-03-19 00:00:00'),
	(4338, 610, 1.0000, 7661000.0000, 3.56, 0, 'Allocated', '2016-11-03 00:00:00'),
	(4339, 604, 10.0000, 9384000.0000, 5.32, 0, 'No Stock', '2016-11-19 00:00:00'),
	(4341, 601, 1.0000, 2339000.0000, 8.66, 0, 'No Stock', '2016-09-06 00:00:00'),
	(4341, 609, 6.0000, 8183000.0000, 7.63, 0, 'No Stock', '2016-11-25 00:00:00'),
	(4342, 601, 6.0000, 2339000.0000, 8.5, 0, 'Allocated', '2016-08-28 00:00:00'),
	(4344, 610, 10.0000, 7661000.0000, 5.36, 0, 'On Order', '2016-04-30 00:00:00'),
	(4348, 608, 1.0000, 6234000.0000, 4.57, 0, 'On Order', '2016-05-14 00:00:00'),
	(4348, 609, 6.0000, 8183000.0000, 6.7, 0, 'On Order', '2016-08-16 00:00:00'),
	(4348, 610, 3.0000, 7661000.0000, 5.74, 0, 'On Order', '2016-05-30 00:00:00'),
	(4350, 602, 8.0000, 9384000.0000, 7.57, 0, 'Allocated', '2016-08-18 00:00:00'),
	(4350, 604, 6.0000, 9384000.0000, 9.43, 0, 'On Order', '2016-12-29 00:00:00'),
	(4350, 608, 9.0000, 6234000.0000, 6.54, 0, 'No Stock', '2016-08-24 00:00:00'),
	(4351, 602, 1.0000, 9384000.0000, 3.31, 0, 'No Stock', '2016-08-26 00:00:00'),
	(4351, 607, 9.0000, 898000.0000, 2.44, 0, 'No Stock', '2016-04-11 00:00:00'),
	(4352, 602, 3.0000, 9384000.0000, 3.98, 0, 'No Stock', '2016-10-03 00:00:00'),
	(4352, 603, 9.0000, 9384000.0000, 4.87, 0, 'On Order', '2017-03-05 00:00:00'),
	(4352, 604, 4.0000, 9384000.0000, 5.05, 0, 'Allocated', '2016-05-30 00:00:00'),
	(4353, 608, 9.0000, 6234000.0000, 1.77, 0, 'Allocated', '2016-03-28 00:00:00'),
	(4355, 607, 4.0000, 898000.0000, 3.18, 0, 'No Stock', '2016-04-27 00:00:00'),
	(4355, 608, 9.0000, 6234000.0000, 5.95, 0, 'Allocated', '2016-12-08 00:00:00'),
	(4355, 609, 7.0000, 8183000.0000, 6.88, 0, 'Allocated', '2016-12-09 00:00:00'),
	(4356, 604, 8.0000, 9384000.0000, 2.88, 0, 'No Stock', '2016-06-14 00:00:00'),
	(4357, 605, 6.0000, 9384000.0000, 5.53, 0, 'No Stock', '2016-07-31 00:00:00'),
	(4357, 608, 4.0000, 6234000.0000, 1.94, 0, 'No Stock', '2016-07-08 00:00:00'),
	(4361, 601, 6.0000, 2339000.0000, 1.05, 0, 'Allocated', '2016-03-29 00:00:00'),
	(4361, 609, 10.0000, 8183000.0000, 1.28, 0, 'On Order', '2016-07-15 00:00:00'),
	(4362, 603, 4.0000, 9384000.0000, 5.17, 0, 'No Stock', '2016-09-24 00:00:00'),
	(4364, 602, 8.0000, 9384000.0000, 4.2, 0, 'On Order', '2017-02-09 00:00:00'),
	(4365, 601, 2.0000, 2339000.0000, 3.73, 0, 'Allocated', '2016-06-10 00:00:00'),
	(4365, 603, 7.0000, 9384000.0000, 9.6, 0, 'On Order', '2016-07-31 00:00:00'),
	(4366, 604, 6.0000, 9384000.0000, 2.02, 0, 'No Stock', '2016-09-23 00:00:00'),
	(4366, 605, 9.0000, 9384000.0000, 3.68, 0, 'On Order', '2016-08-10 00:00:00'),
	(4366, 609, 8.0000, 8183000.0000, 3.99, 0, 'No Stock', '2016-05-07 00:00:00'),
	(4368, 604, 4.0000, 9384000.0000, 4.56, 0, 'No Stock', '2016-09-07 00:00:00'),
	(4369, 608, 2.0000, 6234000.0000, 3.86, 0, 'Allocated', '2017-01-20 00:00:00'),
	(4370, 603, 9.0000, 9384000.0000, 8.2, 0, 'On Order', '2016-09-02 00:00:00'),
	(4370, 604, 10.0000, 9384000.0000, 2.29, 0, 'Allocated', '2016-06-03 00:00:00'),
	(4371, 610, 10.0000, 7661000.0000, 4.07, 0, 'On Order', '2016-08-25 00:00:00'),
	(4374, 604, 3.0000, 9384000.0000, 2.34, 0, 'No Stock', '2017-03-07 00:00:00'),
	(4376, 608, 10.0000, 6234000.0000, 3.21, 0, 'No Stock', '2016-09-14 00:00:00'),
	(4377, 602, 9.0000, 9384000.0000, 8.57, 0, 'On Order', '2016-08-26 00:00:00'),
	(4378, 603, 8.0000, 9384000.0000, 5.38, 0, 'On Order', '2016-04-11 00:00:00'),
	(4379, 605, 9.0000, 9384000.0000, 5.65, 0, 'On Order', '2016-10-29 00:00:00'),
	(4381, 607, 1.0000, 898000.0000, 3.78, 0, 'Allocated', '2016-07-27 00:00:00'),
	(4382, 602, 8.0000, 9384000.0000, 7.95, 0, 'Allocated', '2016-11-05 00:00:00'),
	(4382, 606, 4.0000, 1170000.0000, 6.06, 0, 'On Order', '2017-01-22 00:00:00'),
	(4385, 609, 1.0000, 8183000.0000, 8.94, 0, 'On Order', '2016-03-25 00:00:00'),
	(4387, 602, 8.0000, 9384000.0000, 9.74, 0, 'Allocated', '2016-12-01 00:00:00'),
	(4387, 606, 8.0000, 1170000.0000, 7.53, 0, 'No Stock', '2016-06-12 00:00:00'),
	(4387, 610, 3.0000, 7661000.0000, 5.2, 0, 'Allocated', '2016-10-06 00:00:00'),
	(4388, 602, 4.0000, 9384000.0000, 3.52, 0, 'On Order', '2016-05-09 00:00:00'),
	(4388, 603, 8.0000, 9384000.0000, 6.18, 0, 'Allocated', '2016-09-22 00:00:00'),
	(4388, 606, 6.0000, 1170000.0000, 2.93, 0, 'Allocated', '2016-09-11 00:00:00'),
	(4388, 607, 1.0000, 898000.0000, 7.37, 0, 'No Stock', '2016-12-29 00:00:00'),
	(4389, 602, 1.0000, 9384000.0000, 9.35, 0, 'Allocated', '2016-06-13 00:00:00'),
	(4389, 603, 2.0000, 9384000.0000, 8.39, 0, 'No Stock', '2016-08-09 00:00:00'),
	(4390, 609, 4.0000, 8183000.0000, 5.61, 0, 'On Order', '2016-11-29 00:00:00'),
	(4391, 607, 1.0000, 898000.0000, 8.97, 0, 'On Order', '2016-07-10 00:00:00'),
	(4392, 603, 8.0000, 9384000.0000, 8.23, 0, 'No Stock', '2016-04-07 00:00:00'),
	(4393, 609, 4.0000, 8183000.0000, 4.56, 0, 'Allocated', '2016-04-13 00:00:00'),
	(4395, 607, 6.0000, 898000.0000, 6.29, 0, 'On Order', '2016-07-24 00:00:00'),
	(4395, 610, 7.0000, 7661000.0000, 5.09, 0, 'No Stock', '2016-09-27 00:00:00'),
	(4396, 605, 9.0000, 9384000.0000, 1.32, 0, 'No Stock', '2017-02-05 00:00:00'),
	(4396, 607, 4.0000, 898000.0000, 1.04, 0, 'On Order', '2016-07-08 00:00:00'),
	(4397, 609, 9.0000, 8183000.0000, 7.64, 0, 'No Stock', '2016-08-19 00:00:00'),
	(4399, 610, 7.0000, 7661000.0000, 4.71, 0, 'No Stock', '2016-05-04 00:00:00'),
	(4400, 602, 9.0000, 9384000.0000, 6.54, 0, 'On Order', '2016-10-31 00:00:00'),
	(4400, 603, 2.0000, 9384000.0000, 5.62, 0, 'On Order', '2016-06-18 00:00:00'),
	(4401, 602, 1.0000, 9384000.0000, 4.13, 0, 'No Stock', '2016-09-27 00:00:00'),
	(4401, 604, 10.0000, 9384000.0000, 5.27, 0, 'Allocated', '2016-06-03 00:00:00'),
	(4405, 604, 3.0000, 9384000.0000, 9.31, 0, 'No Stock', '2016-09-08 00:00:00'),
	(4405, 610, 10.0000, 7661000.0000, 1.68, 0, 'On Order', '2016-11-15 00:00:00'),
	(4406, 602, 7.0000, 9384000.0000, 7.67, 0, 'On Order', '2016-10-28 00:00:00'),
	(4406, 606, 2.0000, 1170000.0000, 5.64, 0, 'No Stock', '2016-11-14 00:00:00'),
	(4406, 607, 10.0000, 898000.0000, 3.88, 0, 'No Stock', '2016-06-18 00:00:00'),
	(4407, 606, 9.0000, 1170000.0000, 6.82, 0, 'No Stock', '2016-10-08 00:00:00'),
	(4407, 608, 4.0000, 6234000.0000, 7.26, 0, 'No Stock', '2016-12-15 00:00:00'),
	(4408, 601, 4.0000, 2339000.0000, 2.7, 0, 'No Stock', '2017-03-07 00:00:00'),
	(4408, 605, 4.0000, 9384000.0000, 9.29, 0, 'No Stock', '2016-11-20 00:00:00'),
	(4408, 609, 3.0000, 8183000.0000, 8.86, 0, 'No Stock', '2016-12-17 00:00:00'),
	(4409, 602, 2.0000, 9384000.0000, 9.73, 0, 'Allocated', '2016-08-19 00:00:00'),
	(4409, 609, 7.0000, 8183000.0000, 4.11, 0, 'On Order', '2016-05-17 00:00:00'),
	(4410, 603, 7.0000, 9384000.0000, 5.05, 0, 'No Stock', '2016-09-28 00:00:00'),
	(4410, 604, 10.0000, 9384000.0000, 4.07, 0, 'No Stock', '2016-10-27 00:00:00'),
	(4410, 607, 6.0000, 898000.0000, 7.8, 0, 'No Stock', '2016-03-21 00:00:00'),
	(4411, 601, 3.0000, 2339000.0000, 3.67, 0, 'On Order', '2016-12-27 00:00:00'),
	(4411, 602, 7.0000, 9384000.0000, 3.86, 0, 'No Stock', '2017-03-14 00:00:00'),
	(4412, 605, 10.0000, 9384000.0000, 6.78, 0, 'Allocated', '2017-02-16 00:00:00'),
	(4412, 607, 7.0000, 898000.0000, 5.67, 0, 'No Stock', '2016-11-26 00:00:00'),
	(4412, 610, 3.0000, 7661000.0000, 3.34, 0, 'On Order', '2016-09-29 00:00:00'),
	(4414, 606, 5.0000, 1170000.0000, 4.54, 0, 'On Order', '2016-03-23 00:00:00'),
	(4415, 605, 5.0000, 9384000.0000, 1.68, 0, 'No Stock', '2016-09-18 00:00:00'),
	(4417, 601, 6.0000, 2339000.0000, 5.22, 0, 'No Stock', '2016-07-07 00:00:00'),
	(4417, 604, 7.0000, 9384000.0000, 4.89, 0, 'No Stock', '2016-09-30 00:00:00'),
	(4418, 609, 8.0000, 8183000.0000, 5.52, 0, 'Allocated', '2016-09-03 00:00:00'),
	(4419, 604, 4.0000, 9384000.0000, 4.95, 0, 'On Order', '2017-01-05 00:00:00'),
	(4421, 605, 2.0000, 9384000.0000, 1.7, 0, 'On Order', '2016-06-10 00:00:00'),
	(4423, 602, 3.0000, 9384000.0000, 5.34, 0, 'Allocated', '2016-04-19 00:00:00'),
	(4423, 605, 5.0000, 9384000.0000, 2.22, 0, 'On Order', '2016-06-21 00:00:00'),
	(4423, 608, 9.0000, 6234000.0000, 4.26, 0, 'On Order', '2016-08-17 00:00:00'),
	(4424, 605, 8.0000, 9384000.0000, 4.23, 0, 'Allocated', '2016-11-06 00:00:00'),
	(4425, 607, 7.0000, 898000.0000, 6.75, 0, 'On Order', '2016-11-28 00:00:00'),
	(4425, 608, 4.0000, 6234000.0000, 4.46, 0, 'No Stock', '2017-02-15 00:00:00'),
	(4426, 606, 8.0000, 1170000.0000, 6.5, 0, 'On Order', '2016-11-13 00:00:00'),
	(4426, 607, 4.0000, 898000.0000, 2.91, 0, 'Allocated', '2017-01-26 00:00:00'),
	(4427, 604, 2.0000, 9384000.0000, 3.08, 0, 'On Order', '2016-09-01 00:00:00'),
	(4427, 607, 10.0000, 898000.0000, 8.17, 0, 'No Stock', '2016-11-09 00:00:00'),
	(4428, 603, 2.0000, 9384000.0000, 5.94, 0, 'Allocated', '2016-12-01 00:00:00'),
	(4428, 605, 9.0000, 9384000.0000, 5.26, 0, 'On Order', '2016-07-08 00:00:00'),
	(4429, 606, 10.0000, 1170000.0000, 2.75, 0, 'Allocated', '2017-03-03 00:00:00'),
	(4432, 603, 9.0000, 9384000.0000, 4.42, 0, 'No Stock', '2016-09-03 00:00:00'),
	(4433, 601, 4.0000, 2339000.0000, 9.94, 0, 'No Stock', '2016-04-18 00:00:00'),
	(4433, 605, 1.0000, 9384000.0000, 7.32, 0, 'On Order', '2016-04-04 00:00:00'),
	(4434, 601, 2.0000, 2339000.0000, 1.15, 0, 'On Order', '2016-03-18 00:00:00'),
	(4435, 610, 10.0000, 7661000.0000, 7.18, 0, 'On Order', '2016-12-08 00:00:00'),
	(4437, 601, 7.0000, 2339000.0000, 9.07, 0, 'Allocated', '2016-05-05 00:00:00'),
	(4437, 602, 1.0000, 9384000.0000, 8.08, 0, 'On Order', '2017-03-16 00:00:00'),
	(4437, 609, 7.0000, 8183000.0000, 5.56, 0, 'On Order', '2016-12-16 00:00:00'),
	(4438, 604, 1.0000, 9384000.0000, 5.43, 0, 'Allocated', '2016-10-22 00:00:00'),
	(4439, 601, 5.0000, 2339000.0000, 3.07, 0, 'Allocated', '2016-06-10 00:00:00'),
	(4440, 603, 9.0000, 9384000.0000, 8.7, 0, 'No Stock', '2016-11-08 00:00:00'),
	(4441, 602, 4.0000, 9384000.0000, 2.54, 0, 'Allocated', '2017-02-19 00:00:00'),
	(4441, 609, 4.0000, 8183000.0000, 9.63, 0, 'Allocated', '2016-06-06 00:00:00'),
	(4442, 608, 1.0000, 6234000.0000, 2.52, 0, 'Allocated', '2016-09-08 00:00:00'),
	(4444, 602, 4.0000, 9384000.0000, 9.83, 0, 'On Order', '2017-01-18 00:00:00'),
	(4444, 605, 8.0000, 9384000.0000, 9.58, 0, 'On Order', '2017-01-27 00:00:00'),
	(4446, 602, 3.0000, 9384000.0000, 1.52, 0, 'On Order', '2017-02-17 00:00:00'),
	(4446, 606, 5.0000, 1170000.0000, 2.13, 0, 'On Order', '2016-06-28 00:00:00'),
	(4447, 609, 9.0000, 8183000.0000, 4.47, 0, 'Allocated', '2016-07-08 00:00:00'),
	(4448, 605, 2.0000, 9384000.0000, 2.05, 0, 'No Stock', '2016-09-17 00:00:00'),
	(4449, 607, 10.0000, 898000.0000, 4.63, 0, 'No Stock', '2016-09-29 00:00:00'),
	(4449, 608, 6.0000, 6234000.0000, 5.23, 0, 'On Order', '2016-04-15 00:00:00'),
	(4450, 607, 8.0000, 898000.0000, 4.87, 0, 'On Order', '2016-12-09 00:00:00'),
	(4451, 604, 3.0000, 9384000.0000, 1.4, 0, 'Allocated', '2016-09-12 00:00:00'),
	(4453, 606, 2.0000, 1170000.0000, 8.07, 0, 'On Order', '2016-12-10 00:00:00'),
	(4454, 607, 7.0000, 898000.0000, 9, 0, 'On Order', '2016-10-07 00:00:00'),
	(4455, 602, 10.0000, 9384000.0000, 9.33, 0, 'On Order', '2017-01-11 00:00:00'),
	(4455, 603, 1.0000, 9384000.0000, 7.77, 0, 'Allocated', '2016-12-09 00:00:00'),
	(4455, 605, 1.0000, 9384000.0000, 3.73, 0, 'Allocated', '2016-07-07 00:00:00'),
	(4456, 607, 8.0000, 898000.0000, 9.57, 0, 'No Stock', '2016-08-16 00:00:00'),
	(4456, 608, 7.0000, 6234000.0000, 1.24, 0, 'Allocated', '2016-05-13 00:00:00'),
	(4460, 602, 8.0000, 9384000.0000, 8.36, 0, 'No Stock', '2017-01-03 00:00:00'),
	(4461, 608, 6.0000, 6234000.0000, 2.02, 0, 'Allocated', '2016-03-27 00:00:00'),
	(4464, 606, 1.0000, 1170000.0000, 1.18, 0, 'On Order', '2016-09-05 00:00:00'),
	(4466, 608, 10.0000, 6234000.0000, 1.76, 0, 'Allocated', '2016-12-14 00:00:00'),
	(4468, 610, 3.0000, 7661000.0000, 6.87, 0, 'Allocated', '2016-12-30 00:00:00'),
	(4469, 602, 3.0000, 9384000.0000, 5.21, 0, 'No Stock', '2016-08-11 00:00:00'),
	(4469, 608, 3.0000, 6234000.0000, 4.85, 0, 'On Order', '2017-02-19 00:00:00'),
	(4470, 607, 4.0000, 898000.0000, 5.78, 0, 'No Stock', '2016-04-22 00:00:00'),
	(4473, 609, 2.0000, 8183000.0000, 1.84, 0, 'Allocated', '2016-05-12 00:00:00'),
	(4474, 609, 7.0000, 8183000.0000, 6.31, 0, 'Allocated', '2016-04-18 00:00:00'),
	(4475, 603, 2.0000, 9384000.0000, 7.21, 0, 'No Stock', '2017-03-10 00:00:00'),
	(4476, 603, 4.0000, 9384000.0000, 5.63, 0, 'No Stock', '2016-09-17 00:00:00'),
	(4477, 603, 4.0000, 9384000.0000, 4.46, 0, 'No Stock', '2016-09-10 00:00:00'),
	(4478, 606, 1.0000, 1170000.0000, 4.59, 0, 'On Order', '2017-03-04 00:00:00'),
	(4478, 607, 4.0000, 898000.0000, 2.9, 0, 'Allocated', '2017-01-26 00:00:00'),
	(4479, 603, 10.0000, 9384000.0000, 7.79, 0, 'On Order', '2016-03-21 00:00:00'),
	(4479, 609, 4.0000, 8183000.0000, 9.01, 0, 'Allocated', '2017-02-03 00:00:00'),
	(4479, 610, 6.0000, 7661000.0000, 6.79, 0, 'Allocated', '2017-03-01 00:00:00'),
	(4480, 608, 9.0000, 6234000.0000, 6.26, 0, 'On Order', '2016-12-10 00:00:00'),
	(4482, 601, 1.0000, 2339000.0000, 8.56, 0, 'No Stock', '2016-08-16 00:00:00'),
	(4482, 603, 10.0000, 9384000.0000, 8.1, 0, 'No Stock', '2016-05-27 00:00:00'),
	(4482, 604, 10.0000, 9384000.0000, 1.63, 0, 'On Order', '2016-07-09 00:00:00'),
	(4482, 607, 6.0000, 898000.0000, 5.74, 0, 'On Order', '2016-04-29 00:00:00'),
	(4482, 608, 1.0000, 6234000.0000, 2.46, 0, 'Allocated', '2016-07-11 00:00:00'),
	(4482, 610, 4.0000, 7661000.0000, 2.89, 0, 'On Order', '2017-01-12 00:00:00'),
	(4485, 605, 7.0000, 9384000.0000, 1.31, 0, 'No Stock', '2016-05-11 00:00:00'),
	(4486, 601, 7.0000, 2339000.0000, 3.61, 0, 'Allocated', '2016-06-24 00:00:00'),
	(4487, 601, 4.0000, 2339000.0000, 8.97, 0, 'On Order', '2016-07-28 00:00:00'),
	(4487, 602, 9.0000, 9384000.0000, 7.96, 0, 'No Stock', '2016-12-29 00:00:00'),
	(4487, 607, 5.0000, 898000.0000, 8.97, 0, 'On Order', '2016-08-15 00:00:00'),
	(4488, 601, 9.0000, 2339000.0000, 1.52, 0, 'On Order', '2016-03-30 00:00:00'),
	(4488, 609, 10.0000, 8183000.0000, 5.3, 0, 'On Order', '2016-07-11 00:00:00'),
	(4491, 602, 3.0000, 9384000.0000, 5.22, 0, 'On Order', '2016-09-16 00:00:00'),
	(4492, 607, 4.0000, 898000.0000, 2.45, 0, 'On Order', '2017-03-04 00:00:00'),
	(4495, 607, 7.0000, 898000.0000, 5.4, 0, 'Allocated', '2016-10-03 00:00:00'),
	(4496, 603, 10.0000, 9384000.0000, 3.71, 0, 'Allocated', '2016-07-06 00:00:00'),
	(4497, 607, 7.0000, 898000.0000, 4.26, 0, 'Allocated', '2017-01-29 00:00:00'),
	(4498, 604, 10.0000, 9384000.0000, 1.25, 0, 'Allocated', '2016-03-19 00:00:00'),
	(4498, 610, 10.0000, 7661000.0000, 2.48, 0, 'No Stock', '2016-06-24 00:00:00'),
	(4499, 601, 4.0000, 2339000.0000, 6.73, 0, 'No Stock', '2017-02-21 00:00:00'),
	(4501, 606, 10.0000, 1170000.0000, 7.02, 0, 'No Stock', '2016-11-30 00:00:00'),
	(4502, 603, 2.0000, 9384000.0000, 1.12, 0, 'No Stock', '2016-07-27 00:00:00'),
	(4502, 605, 9.0000, 9384000.0000, 3.2, 0, 'On Order', '2016-11-21 00:00:00'),
	(4503, 601, 6.0000, 2339000.0000, 8.26, 0, 'No Stock', '2016-05-03 00:00:00'),
	(4505, 608, 3.0000, 6234000.0000, 1.62, 0, 'Allocated', '2016-09-04 00:00:00'),
	(4506, 602, 7.0000, 9384000.0000, 1, 0, 'On Order', '2016-09-23 00:00:00'),
	(4506, 603, 9.0000, 9384000.0000, 1.18, 0, 'Allocated', '2017-02-03 00:00:00'),
	(4506, 606, 10.0000, 1170000.0000, 2.21, 0, 'Allocated', '2016-10-03 00:00:00'),
	(4506, 609, 9.0000, 8183000.0000, 4.06, 0, 'Allocated', '2016-12-08 00:00:00'),
	(4509, 608, 8.0000, 6234000.0000, 3.81, 0, 'On Order', '2016-08-30 00:00:00'),
	(4509, 609, 2.0000, 8183000.0000, 8.51, 0, 'Allocated', '2016-08-12 00:00:00'),
	(4511, 601, 4.0000, 2339000.0000, 6.91, 0, 'Allocated', '2016-12-23 00:00:00'),
	(4511, 606, 5.0000, 1170000.0000, 6.26, 0, 'On Order', '2016-12-09 00:00:00'),
	(4511, 610, 3.0000, 7661000.0000, 8.4, 0, 'Allocated', '2016-12-06 00:00:00'),
	(4514, 605, 6.0000, 9384000.0000, 7.08, 0, 'No Stock', '2017-01-25 00:00:00'),
	(4514, 610, 6.0000, 7661000.0000, 6.3, 0, 'No Stock', '2017-01-23 00:00:00'),
	(4517, 604, 10.0000, 9384000.0000, 7.34, 0, 'Allocated', '2016-10-23 00:00:00'),
	(4517, 609, 2.0000, 8183000.0000, 7.07, 0, 'Allocated', '2016-08-19 00:00:00'),
	(4519, 609, 9.0000, 8183000.0000, 7.83, 0, 'On Order', '2016-07-01 00:00:00'),
	(4520, 609, 9.0000, 8183000.0000, 9.55, 0, 'No Stock', '2016-10-08 00:00:00'),
	(4521, 605, 8.0000, 9384000.0000, 7.77, 0, 'No Stock', '2017-01-31 00:00:00'),
	(4521, 610, 10.0000, 7661000.0000, 3.54, 0, 'Allocated', '2016-12-08 00:00:00'),
	(4522, 602, 9.0000, 9384000.0000, 6.79, 0, 'No Stock', '2016-11-28 00:00:00'),
	(4523, 606, 9.0000, 1170000.0000, 1.63, 0, 'No Stock', '2016-05-25 00:00:00'),
	(4524, 602, 9.0000, 9384000.0000, 3.46, 0, 'On Order', '2017-03-12 00:00:00'),
	(4526, 603, 9.0000, 9384000.0000, 7.64, 0, 'On Order', '2016-10-14 00:00:00'),
	(4526, 604, 4.0000, 9384000.0000, 2.83, 0, 'No Stock', '2016-07-29 00:00:00'),
	(4526, 610, 5.0000, 7661000.0000, 2.86, 0, 'On Order', '2017-02-25 00:00:00'),
	(4528, 605, 4.0000, 9384000.0000, 8.81, 0, 'Allocated', '2017-01-26 00:00:00'),
	(4528, 609, 4.0000, 8183000.0000, 4.09, 0, 'On Order', '2016-10-03 00:00:00'),
	(4530, 602, 9.0000, 9384000.0000, 4.73, 0, 'On Order', '2016-12-07 00:00:00'),
	(4531, 601, 5.0000, 2339000.0000, 6.82, 0, 'Allocated', '2016-08-04 00:00:00'),
	(4531, 606, 10.0000, 1170000.0000, 2.83, 0, 'No Stock', '2016-03-25 00:00:00'),
	(4531, 607, 4.0000, 898000.0000, 7.09, 0, 'No Stock', '2016-03-26 00:00:00'),
	(4532, 605, 5.0000, 9384000.0000, 9.94, 0, 'No Stock', '2017-03-13 00:00:00'),
	(4532, 610, 8.0000, 7661000.0000, 3.68, 0, 'Allocated', '2016-05-28 00:00:00'),
	(4534, 606, 8.0000, 1170000.0000, 9.33, 0, 'Allocated', '2016-07-15 00:00:00'),
	(4534, 607, 10.0000, 898000.0000, 8.32, 0, 'No Stock', '2016-04-24 00:00:00'),
	(4535, 607, 3.0000, 898000.0000, 3.12, 0, 'Allocated', '2016-07-11 00:00:00'),
	(4535, 610, 6.0000, 7661000.0000, 1.81, 0, 'On Order', '2017-03-01 00:00:00'),
	(4536, 605, 5.0000, 9384000.0000, 4.93, 0, 'Allocated', '2016-12-04 00:00:00'),
	(4537, 609, 2.0000, 8183000.0000, 4.04, 0, 'No Stock', '2016-03-25 00:00:00'),
	(4538, 603, 6.0000, 9384000.0000, 4.54, 0, 'Allocated', '2016-04-21 00:00:00'),
	(4539, 603, 7.0000, 9384000.0000, 4.8, 0, 'Allocated', '2016-05-14 00:00:00'),
	(4541, 601, 2.0000, 2339000.0000, 4.01, 0, 'Allocated', '2016-11-22 00:00:00'),
	(4541, 603, 5.0000, 9384000.0000, 2.89, 0, 'On Order', '2016-04-07 00:00:00'),
	(4541, 607, 4.0000, 898000.0000, 5.44, 0, 'No Stock', '2017-01-07 00:00:00'),
	(4542, 605, 10.0000, 9384000.0000, 3.27, 0, 'On Order', '2017-01-23 00:00:00'),
	(4547, 606, 4.0000, 1170000.0000, 9.44, 0, 'No Stock', '2016-05-14 00:00:00'),
	(4549, 605, 9.0000, 9384000.0000, 7.26, 0, 'No Stock', '2016-08-22 00:00:00'),
	(4549, 606, 7.0000, 1170000.0000, 4.68, 0, 'Allocated', '2016-09-02 00:00:00'),
	(4550, 609, 8.0000, 8183000.0000, 7.62, 0, 'On Order', '2016-06-10 00:00:00'),
	(4550, 610, 10.0000, 7661000.0000, 4.84, 0, 'No Stock', '2017-02-24 00:00:00'),
	(4551, 601, 3.0000, 2339000.0000, 2.45, 0, 'Allocated', '2016-07-08 00:00:00'),
	(4551, 602, 3.0000, 9384000.0000, 1.31, 0, 'No Stock', '2017-03-15 00:00:00'),
	(4551, 610, 1.0000, 7661000.0000, 8.43, 0, 'No Stock', '2016-11-09 00:00:00'),
	(4552, 601, 2.0000, 2339000.0000, 8.12, 0, 'On Order', '2016-06-03 00:00:00'),
	(4552, 603, 3.0000, 9384000.0000, 6.38, 0, 'No Stock', '2016-04-11 00:00:00'),
	(4553, 603, 1.0000, 9384000.0000, 8.43, 0, 'On Order', '2016-10-28 00:00:00'),
	(4555, 607, 6.0000, 898000.0000, 3.07, 0, 'No Stock', '2016-04-29 00:00:00'),
	(4555, 608, 9.0000, 6234000.0000, 9.81, 0, 'On Order', '2017-01-24 00:00:00'),
	(4556, 601, 10.0000, 2339000.0000, 7.25, 0, 'Allocated', '2016-11-07 00:00:00'),
	(4557, 603, 1.0000, 9384000.0000, 4.57, 0, 'No Stock', '2016-09-05 00:00:00'),
	(4557, 606, 3.0000, 1170000.0000, 8.67, 0, 'On Order', '2016-09-14 00:00:00'),
	(4558, 601, 3.0000, 2339000.0000, 7.16, 0, 'No Stock', '2016-11-06 00:00:00'),
	(4559, 605, 2.0000, 9384000.0000, 7.93, 0, 'On Order', '2016-11-09 00:00:00'),
	(4560, 610, 7.0000, 7661000.0000, 8.01, 0, 'On Order', '2016-08-22 00:00:00'),
	(4562, 609, 3.0000, 8183000.0000, 1.26, 0, 'No Stock', '2016-07-12 00:00:00'),
	(4562, 610, 9.0000, 7661000.0000, 6.8, 0, 'Allocated', '2016-08-27 00:00:00'),
	(4564, 602, 2.0000, 9384000.0000, 6.29, 0, 'Allocated', '2016-03-19 00:00:00'),
	(4565, 603, 7.0000, 9384000.0000, 2.82, 0, 'Allocated', '2017-03-06 00:00:00'),
	(4565, 606, 8.0000, 1170000.0000, 6.28, 0, 'No Stock', '2016-04-27 00:00:00'),
	(4566, 601, 7.0000, 2339000.0000, 4.48, 0, 'No Stock', '2016-11-02 00:00:00'),
	(4567, 604, 7.0000, 9384000.0000, 5.46, 0, 'No Stock', '2016-05-18 00:00:00'),
	(4567, 605, 1.0000, 9384000.0000, 1.31, 0, 'Allocated', '2016-04-14 00:00:00'),
	(4567, 606, 9.0000, 1170000.0000, 4.66, 0, 'Allocated', '2016-06-11 00:00:00'),
	(4567, 608, 10.0000, 6234000.0000, 4.85, 0, 'On Order', '2016-05-01 00:00:00'),
	(4568, 606, 8.0000, 1170000.0000, 1.1, 0, 'Allocated', '2016-10-02 00:00:00'),
	(4568, 607, 10.0000, 898000.0000, 9.17, 0, 'On Order', '2016-05-04 00:00:00'),
	(4568, 608, 6.0000, 6234000.0000, 6.24, 0, 'No Stock', '2017-01-24 00:00:00'),
	(4569, 601, 10.0000, 2339000.0000, 6.33, 0, 'Allocated', '2016-07-22 00:00:00'),
	(4570, 610, 6.0000, 7661000.0000, 2.57, 0, 'No Stock', '2016-06-28 00:00:00'),
	(4571, 604, 8.0000, 9384000.0000, 2.51, 0, 'No Stock', '2016-07-11 00:00:00'),
	(4572, 603, 2.0000, 9384000.0000, 2.46, 0, 'Allocated', '2016-11-18 00:00:00'),
	(4574, 601, 3.0000, 2339000.0000, 9.61, 0, 'On Order', '2016-05-04 00:00:00'),
	(4575, 608, 10.0000, 6234000.0000, 7.08, 0, 'On Order', '2016-11-19 00:00:00'),
	(4576, 607, 7.0000, 898000.0000, 2.05, 0, 'On Order', '2016-03-17 00:00:00'),
	(4577, 604, 5.0000, 9384000.0000, 6.26, 0, 'On Order', '2016-04-22 00:00:00'),
	(4579, 601, 10.0000, 2339000.0000, 5.85, 0, 'No Stock', '2016-09-11 00:00:00'),
	(4580, 601, 1.0000, 2339000.0000, 3.76, 0, 'No Stock', '2016-04-08 00:00:00'),
	(4581, 606, 5.0000, 1170000.0000, 5.24, 0, 'No Stock', '2016-07-06 00:00:00'),
	(4581, 607, 8.0000, 898000.0000, 9.73, 0, 'On Order', '2016-06-04 00:00:00'),
	(4581, 609, 5.0000, 8183000.0000, 3.65, 0, 'On Order', '2016-03-17 00:00:00'),
	(4581, 610, 9.0000, 7661000.0000, 3.87, 0, 'On Order', '2016-04-20 00:00:00'),
	(4582, 609, 7.0000, 8183000.0000, 9.4, 0, 'No Stock', '2016-05-22 00:00:00'),
	(4583, 604, 9.0000, 9384000.0000, 6.51, 0, 'Allocated', '2016-04-13 00:00:00'),
	(4583, 610, 1.0000, 7661000.0000, 8.3, 0, 'On Order', '2016-12-08 00:00:00'),
	(4585, 602, 2.0000, 9384000.0000, 2.52, 0, 'Allocated', '2016-05-22 00:00:00'),
	(4585, 610, 10.0000, 7661000.0000, 3.84, 0, 'On Order', '2016-12-27 00:00:00'),
	(4586, 602, 7.0000, 9384000.0000, 7.68, 0, 'On Order', '2016-04-04 00:00:00'),
	(4586, 604, 2.0000, 9384000.0000, 9.64, 0, 'Allocated', '2017-02-23 00:00:00'),
	(4589, 601, 5.0000, 2339000.0000, 4.47, 0, 'Allocated', '2016-07-02 00:00:00'),
	(4589, 603, 9.0000, 9384000.0000, 4.97, 0, 'On Order', '2016-04-03 00:00:00'),
	(4590, 601, 5.0000, 2339000.0000, 5.26, 0, 'On Order', '2016-06-01 00:00:00'),
	(4590, 610, 3.0000, 7661000.0000, 6.71, 0, 'Allocated', '2016-12-16 00:00:00'),
	(4591, 601, 1.0000, 2339000.0000, 2.39, 0, 'No Stock', '2017-01-16 00:00:00'),
	(4591, 605, 8.0000, 9384000.0000, 9.68, 0, 'On Order', '2016-09-15 00:00:00'),
	(4592, 607, 1.0000, 898000.0000, 6.13, 0, 'On Order', '2016-07-19 00:00:00'),
	(4592, 609, 10.0000, 8183000.0000, 3.2, 0, 'No Stock', '2016-05-02 00:00:00'),
	(4595, 605, 1.0000, 9384000.0000, 8.15, 0, 'Allocated', '2017-02-19 00:00:00'),
	(4596, 605, 6.0000, 9384000.0000, 7.53, 0, 'On Order', '2016-09-11 00:00:00'),
	(4596, 609, 10.0000, 8183000.0000, 4.38, 0, 'No Stock', '2016-11-17 00:00:00'),
	(4597, 608, 9.0000, 6234000.0000, 4.8, 0, 'No Stock', '2016-07-02 00:00:00'),
	(4598, 603, 5.0000, 9384000.0000, 6.1, 0, 'No Stock', '2016-12-23 00:00:00'),
	(4599, 603, 9.0000, 9384000.0000, 6.68, 0, 'On Order', '2016-12-27 00:00:00'),
	(4600, 609, 5.0000, 8183000.0000, 8.87, 0, 'Allocated', '2016-06-16 00:00:00');
/*!40000 ALTER TABLE `shop_order_details` ENABLE KEYS */;

-- Dumping structure for table netashop.shop_products
CREATE TABLE IF NOT EXISTS `shop_products` (
  `id` bigint(20) unsigned NOT NULL AUTO_INCREMENT,
  `product_code` varchar(25) COLLATE utf8mb4_unicode_ci NOT NULL COMMENT 'Mã sản phẩm',
  `product_name` varchar(50) COLLATE utf8mb4_unicode_ci NOT NULL COMMENT 'Tên sản phẩm',
  `image` text COLLATE utf8mb4_unicode_ci DEFAULT NULL COMMENT 'Ảnh đại diện',
  `short_description` varchar(250) COLLATE utf8mb4_unicode_ci DEFAULT NULL COMMENT 'Mô tả ngắn',
  `description` text COLLATE utf8mb4_unicode_ci DEFAULT NULL COMMENT 'Mô tả',
  `standard_cost` decimal(19,4) NOT NULL DEFAULT 0.0000 COMMENT 'Giá nhập',
  `list_price` decimal(19,4) NOT NULL DEFAULT 0.0000 COMMENT 'Giá niêm yết',
  `quantity_per_unit` varchar(50) COLLATE utf8mb4_unicode_ci DEFAULT NULL COMMENT 'Số lượng trên mỗi đơn vị',
  `discontinued` tinyint(4) NOT NULL DEFAULT 0 COMMENT 'Ngưng bán?',
  `is_featured` bit(1) NOT NULL DEFAULT b'0' COMMENT 'Có phải là Sản phẩm nổi bật không?',
  `is_new` bit(1) NOT NULL DEFAULT b'0' COMMENT 'Có phải là Sản phẩm mới nhất không?',
  `category_id` bigint(20) unsigned DEFAULT NULL COMMENT 'Thuộc chuyên mục',
  `supplier_id` bigint(20) unsigned DEFAULT NULL COMMENT 'Thuộc nhà cung cấp',
  `created_at` timestamp NULL DEFAULT NULL,
  `updated_at` timestamp NULL DEFAULT NULL,
  PRIMARY KEY (`id`),
  KEY `FK_products_categories` (`category_id`),
  KEY `FK_products_suppliers` (`supplier_id`),
  CONSTRAINT `FK_products_categories` FOREIGN KEY (`category_id`) REFERENCES `shop_categories` (`id`),
  CONSTRAINT `FK_products_suppliers` FOREIGN KEY (`supplier_id`) REFERENCES `shop_suppliers` (`id`)
) ENGINE=InnoDB AUTO_INCREMENT=611 DEFAULT CHARSET=utf8mb4 COLLATE=utf8mb4_unicode_ci;

-- Dumping data for table netashop.shop_products: ~10 rows (approximately)
/*!40000 ALTER TABLE `shop_products` DISABLE KEYS */;
INSERT INTO `shop_products` (`id`, `product_code`, `product_name`, `image`, `short_description`, `description`, `standard_cost`, `list_price`, `quantity_per_unit`, `discontinued`, `is_featured`, `is_new`, `category_id`, `supplier_id`, `created_at`, `updated_at`) VALUES
	(601, 'P1', 'Nikkon DS90', 'products/nikkon_ds60_20200217160000.jpg', 'Nikkon DS90 desc', 'Nikkon DS90 desc', 6709000.0000, 2339000.0000, '50', 0, b'1', b'0', 3, 5, NULL, NULL),
	(602, 'P2', 'Canon T90', 'products/canon_t90_20200217160000.jpg', 'Canon T90 desc', 'Canon T90 desc', 8283000.0000, 9384000.0000, '56', 0, b'0', b'0', 3, 4, NULL, NULL),
	(603, 'P3', 'Dell Inspirion', 'products/dell_inspirion_20200217160000.jpg', 'Dell Inspirion desc', 'Dell Inspirion desc', 8283000.0000, 9384000.0000, '56', 0, b'0', b'0', 1, 2, NULL, NULL),
	(604, 'P4', 'iPad Air', 'products/ipad_air_20200217160000.jpg', 'iPad Air desc', 'iPad Air desc', 8283000.0000, 9384000.0000, '56', 0, b'1', b'1', 4, 1, NULL, NULL),
	(605, 'P5', 'Microsft Surface', 'products/microsoft_surface_20200217160000.jpg', 'Microsft Surface desc', 'Microsft Surface desc', 8283000.0000, 9384000.0000, '56', 0, b'1', b'1', 4, 3, NULL, NULL),
	(606, 'P6', 'Nexus 6', 'products/nexus_6_20200217160000.jpg', 'Nexus 6 desc', 'Nexus 6 desc', 3388000.0000, 1170000.0000, '79', 0, b'0', b'0', 2, 6, NULL, NULL),
	(607, 'P7', 'ThinkPad T365', 'products/thinkpad_t365_20200217160000.jpg', 'ThinkPad T365 desc', 'ThinkPad T365 desc', 4102000.0000, 898000.0000, '92', 1, b'0', b'0', 1, 7, NULL, NULL),
	(608, 'P8', 'Moto Play', 'products/moto_play_20200217160000.jpg', 'Moto Play desc', 'Moto Play desc', 3844000.0000, 6234000.0000, '54', 1, b'1', b'0', 2, 9, NULL, NULL),
	(609, 'P9', 'Samsung Note', 'products/samsung_note_20200217160000.jpg', 'Samsung Note desc', 'Samsung Note desc', 4758000.0000, 8183000.0000, '58', 0, b'0', b'1', 4, 8, NULL, NULL),
	(610, 'P10', 'MacBook Pro', 'products/macbook_pro_20200217160000.jpg', 'MacBook Pro desc', 'MacBook Pro desc', 2581000.0000, 7661000.0000, '11', 0, b'1', b'1', 1, 1, NULL, NULL);
/*!40000 ALTER TABLE `shop_products` ENABLE KEYS */;

-- Dumping structure for table netashop.shop_product_discounts
CREATE TABLE IF NOT EXISTS `shop_product_discounts` (
  `id` bigint(20) unsigned NOT NULL AUTO_INCREMENT,
  `product_id` bigint(20) unsigned NOT NULL COMMENT 'Thuộc sản phẩm',
  `discount_name` varchar(500) COLLATE utf8mb4_unicode_ci NOT NULL COMMENT 'Tên Sự kiện Giảm giá',
  `discount_amount` double NOT NULL DEFAULT 0 COMMENT '% giảm giá hoặc số tiền giảm giá cụ thể',
  `id_fixed` bit(1) NOT NULL DEFAULT b'0' COMMENT '#True: giảm giá theo số tiền cụ thể; #False: giảm giá theo %',
  `start_date` timestamp NOT NULL DEFAULT '0000-00-00 00:00:00',
  `end_date` timestamp NOT NULL DEFAULT '0000-00-00 00:00:00',
  PRIMARY KEY (`id`),
  KEY `FK_product_images_products` (`product_id`),
  CONSTRAINT `shop_product_discounts_ibfk_1` FOREIGN KEY (`product_id`) REFERENCES `shop_products` (`id`)
) ENGINE=InnoDB AUTO_INCREMENT=3 DEFAULT CHARSET=utf8mb4 COLLATE=utf8mb4_unicode_ci ROW_FORMAT=DYNAMIC COMMENT='Table chứa thông tin các sản phẩm đang được khuyến mãi trong khoảng thời gian (từ ngày - đến ngày hết hạn).\r\nThường dùng cho các chức năng:\r\n- Hiển thị danh sách Sản phẩm với Giá tiền cũ và Giá tiền mới.\r\n- Hiển thị danh sách Sản phẩm với % được giảm giá...';

-- Dumping data for table netashop.shop_product_discounts: ~2 rows (approximately)
/*!40000 ALTER TABLE `shop_product_discounts` DISABLE KEYS */;
INSERT INTO `shop_product_discounts` (`id`, `product_id`, `discount_name`, `discount_amount`, `id_fixed`, `start_date`, `end_date`) VALUES
	(1, 601, 'Giảm giá dịp lễ Vua Hùng năm 2020', 10, b'0', '2020-03-01 00:00:00', '2020-03-31 23:59:59'),
	(2, 602, 'Giảm giá dịp lễ 08/03 năm 2020', 15, b'0', '2020-03-01 00:00:00', '2020-03-08 23:59:59');
/*!40000 ALTER TABLE `shop_product_discounts` ENABLE KEYS */;

-- Dumping structure for table netashop.shop_product_images
CREATE TABLE IF NOT EXISTS `shop_product_images` (
  `id` bigint(20) unsigned NOT NULL AUTO_INCREMENT,
  `product_id` bigint(20) unsigned NOT NULL COMMENT 'Thuộc sản phẩm',
  `image` varchar(500) COLLATE utf8mb4_unicode_ci NOT NULL COMMENT 'Ảnh',
  PRIMARY KEY (`id`),
  KEY `FK_product_images_products` (`product_id`),
  CONSTRAINT `FK_product_images_products` FOREIGN KEY (`product_id`) REFERENCES `shop_products` (`id`)
) ENGINE=InnoDB AUTO_INCREMENT=5 DEFAULT CHARSET=utf8mb4 COLLATE=utf8mb4_unicode_ci;

-- Dumping data for table netashop.shop_product_images: ~4 rows (approximately)
/*!40000 ALTER TABLE `shop_product_images` DISABLE KEYS */;
INSERT INTO `shop_product_images` (`id`, `product_id`, `image`) VALUES
	(1, 601, 'products/nikkon1_20200217160000.jpg'),
	(2, 601, 'products/nikkon2_20200217160000.jpg'),
	(3, 601, 'products/nikkon3_20200217160000.jpg'),
	(4, 606, 'products/nexus1_20200217160000.jpg');
/*!40000 ALTER TABLE `shop_product_images` ENABLE KEYS */;

-- Dumping structure for table netashop.shop_product_reviews
CREATE TABLE IF NOT EXISTS `shop_product_reviews` (
  `id` bigint(20) unsigned NOT NULL AUTO_INCREMENT,
  `product_id` bigint(20) unsigned NOT NULL COMMENT 'Sản phẩm Đánh giá',
  `customer_id` bigint(20) unsigned NOT NULL DEFAULT 0 COMMENT 'Khách đánh giá',
  `rating` float NOT NULL COMMENT 'Số điểm đánh giá: từ 0 -> 5 sao',
  `comment` text COLLATE utf8mb4_unicode_ci NOT NULL COMMENT 'Nội dung Đánh giá',
  `created_at` timestamp NULL DEFAULT NULL,
  `updated_at` timestamp NULL DEFAULT NULL,
  PRIMARY KEY (`id`),
  KEY `FK_product_reviews_products` (`product_id`),
  KEY `FK_shop_product_reviews_shop_customers` (`customer_id`),
  CONSTRAINT `FK_product_reviews_products` FOREIGN KEY (`product_id`) REFERENCES `shop_products` (`id`),
  CONSTRAINT `FK_shop_product_reviews_shop_customers` FOREIGN KEY (`customer_id`) REFERENCES `shop_customers` (`id`)
) ENGINE=InnoDB AUTO_INCREMENT=4 DEFAULT CHARSET=utf8mb4 COLLATE=utf8mb4_unicode_ci;

-- Dumping data for table netashop.shop_product_reviews: ~3 rows (approximately)
/*!40000 ALTER TABLE `shop_product_reviews` DISABLE KEYS */;
INSERT INTO `shop_product_reviews` (`id`, `product_id`, `customer_id`, `rating`, `comment`, `created_at`, `updated_at`) VALUES
	(1, 601, 1, 4, 'Chụp ảnh tốt, hình vi diệu... Có điều giá hơi chát, 4s ;P', '2020-02-17 16:03:05', NULL),
	(2, 603, 2, 5, 'Sản phẩm mua mới cách đây 2 tháng, chưa thấy lỗi gì. Đóng gói khá cẩn thận, tốt.', '2020-02-17 16:05:46', NULL),
	(3, 601, 1, 2, 'Mới mua về, đang khui hộp lỡ tay làm rớt có 1 cái, hư luôn, tệ hết sức, không bảo hành luôn. Cho 1 sao vì số t xui :(', '2020-02-17 16:06:35', NULL);
/*!40000 ALTER TABLE `shop_product_reviews` ENABLE KEYS */;

-- Dumping structure for table netashop.shop_product_vouchers
CREATE TABLE IF NOT EXISTS `shop_product_vouchers` (
  `product_id` bigint(20) unsigned NOT NULL COMMENT 'Sản phẩm nào?',
  `voucher_id` bigint(20) unsigned NOT NULL COMMENT 'Voucher nào áp dụng?',
  `created_at` timestamp NULL DEFAULT NULL,
  `updated_at` timestamp NULL DEFAULT NULL,
  UNIQUE KEY `product_id_voucher_id` (`product_id`,`voucher_id`),
  KEY `FK_shop_product_vouchers_shop_vouchers` (`voucher_id`),
  CONSTRAINT `FK_shop_product_vouchers_shop_products` FOREIGN KEY (`product_id`) REFERENCES `shop_products` (`id`),
  CONSTRAINT `FK_shop_product_vouchers_shop_vouchers` FOREIGN KEY (`voucher_id`) REFERENCES `shop_vouchers` (`id`)
) ENGINE=InnoDB DEFAULT CHARSET=utf8mb4 COLLATE=utf8mb4_unicode_ci ROW_FORMAT=DYNAMIC COMMENT='Table lưu thông tin Sản phẩm nào được áp dụng Voucher nào?';

-- Dumping data for table netashop.shop_product_vouchers: ~2 rows (approximately)
/*!40000 ALTER TABLE `shop_product_vouchers` DISABLE KEYS */;
INSERT INTO `shop_product_vouchers` (`product_id`, `voucher_id`, `created_at`, `updated_at`) VALUES
	(601, 1, '2020-02-17 16:07:38', NULL),
	(605, 1, '2020-02-17 16:07:46', NULL);
/*!40000 ALTER TABLE `shop_product_vouchers` ENABLE KEYS */;

-- Dumping structure for table netashop.shop_suppliers
CREATE TABLE IF NOT EXISTS `shop_suppliers` (
  `id` bigint(20) unsigned NOT NULL AUTO_INCREMENT,
  `supplier_code` varchar(50) COLLATE utf8mb4_unicode_ci NOT NULL COMMENT 'Mã nhà cung cấp',
  `supplier_name` varchar(500) COLLATE utf8mb4_unicode_ci NOT NULL COMMENT 'Tên nhà cung cấp',
  `description` text COLLATE utf8mb4_unicode_ci DEFAULT NULL COMMENT 'Diễn giải',
  `image` text COLLATE utf8mb4_unicode_ci DEFAULT NULL COMMENT 'Ảnh đại diện',
  `created_at` timestamp NULL DEFAULT NULL,
  `updated_at` timestamp NULL DEFAULT NULL,
  PRIMARY KEY (`id`),
  UNIQUE KEY `category_code` (`supplier_code`)
) ENGINE=InnoDB AUTO_INCREMENT=12 DEFAULT CHARSET=utf8mb4 COLLATE=utf8mb4_unicode_ci ROW_FORMAT=COMPACT;

-- Dumping data for table netashop.shop_suppliers: ~11 rows (approximately)
/*!40000 ALTER TABLE `shop_suppliers` DISABLE KEYS */;
INSERT INTO `shop_suppliers` (`id`, `supplier_code`, `supplier_name`, `description`, `image`, `created_at`, `updated_at`) VALUES
	(1, 'SUP1', 'Apple', 'Apple', 'suppliers/apple_20200217170111.jpg', '2020-02-17 16:08:55', NULL),
	(2, 'SUP2', 'Dell', 'Dell', 'suppliers/dell_20200217170111.jpg', '2020-02-17 16:08:55', NULL),
	(3, 'SUP3', 'Microsoft', 'Microsoft', 'suppliers/microsoft_20200217170111.jpg', '2020-02-17 16:08:54', NULL),
	(4, 'SUP4', 'Canon', 'Canon', 'suppliers/canon_20200217170111.jpg', '2020-02-17 16:08:54', NULL),
	(5, 'SUP5', 'Nikkon', 'Nikkon', 'suppliers/nikkon_20200217170111.jpg', '2020-02-17 16:08:54', NULL),
	(6, 'SUP6', 'Google', 'Google', 'suppliers/google_20200217170111.jpg', '2020-02-17 16:08:53', NULL),
	(7, 'SUP7', 'ThinkPad', 'ThinkPad', 'suppliers/thinkpad_20200217170111.jpg', '2020-02-17 16:08:53', NULL),
	(8, 'SUP8', 'Samsung', 'Samsung', 'suppliers/samsung_20200217170111.jpg', '2020-02-17 16:08:52', NULL),
	(9, 'SUP9', 'Moto', 'Moto', 'suppliers/moto_20200217170111.jpg', '2020-02-17 16:08:51', NULL),
	(10, 'SUP10', 'Nokia', 'Nokia', 'suppliers/nokia_20200217170111.jpg', '2020-02-17 16:08:51', NULL),
	(11, 'SUP11', 'BlackBerry', 'BlackBerry', 'suppliers/black_berry_20200217170111.jpg', '2020-02-17 16:08:51', NULL);
/*!40000 ALTER TABLE `shop_suppliers` ENABLE KEYS */;

-- Dumping structure for table netashop.shop_vouchers
CREATE TABLE IF NOT EXISTS `shop_vouchers` (
  `id` bigint(20) unsigned NOT NULL AUTO_INCREMENT,
  `voucher_code` varchar(500) COLLATE utf8mb4_unicode_ci NOT NULL COMMENT 'Mã voucher',
  `voucher_name` varchar(500) COLLATE utf8mb4_unicode_ci NOT NULL COMMENT 'Tên voucher',
  `description` text COLLATE utf8mb4_unicode_ci DEFAULT NULL COMMENT 'Mô tả voucher',
  `uses` int(10) unsigned NOT NULL DEFAULT 0 COMMENT 'Số lượng voucher đã sử dụng',
  `max_uses` int(10) unsigned NOT NULL DEFAULT 0 COMMENT 'Số lượng tối đa voucher có thể sử dụng',
  `max_uses_user` int(10) unsigned NOT NULL DEFAULT 0 COMMENT 'Người dùng có thể sử dụng voucher này bao nhiêu lần?',
  `type` tinyint(3) unsigned NOT NULL DEFAULT 1 COMMENT 'Loại voucher: #1: voucher, #2: coupon',
  `discount_amount` double unsigned NOT NULL DEFAULT 0 COMMENT '% giảm giá hoặc số tiền giảm giá cụ thể',
  `is_fixed` bit(1) NOT NULL DEFAULT b'1' COMMENT '#True: giảm giá theo số tiền cụ thể; #False: giảm giá theo %',
  `start_date` timestamp NOT NULL DEFAULT '0000-00-00 00:00:00' COMMENT 'Ngày bắt đầu voucher',
  `end_date` timestamp NOT NULL DEFAULT '0000-00-00 00:00:00' COMMENT 'Ngày kết thúc voucher',
  `created_at` timestamp NULL DEFAULT NULL,
  `updated_at` timestamp NULL DEFAULT NULL,
  `deleted_at` timestamp NULL DEFAULT NULL,
  PRIMARY KEY (`id`)
) ENGINE=InnoDB AUTO_INCREMENT=3 DEFAULT CHARSET=utf8mb4 COLLATE=utf8mb4_unicode_ci ROW_FORMAT=DYNAMIC COMMENT='Table lưu thông tin Danh sách các phiếu Khuyến mãi, Giảm giá. Thông thường:\r\n1. Voucher (phiếu khuyến mãi): giảm theo số tiền cụ thể\r\n2. Coupon (phiếu giảm giá %): thường giảm theo % giá trị đơn hàng\r\n';

-- Dumping data for table netashop.shop_vouchers: ~2 rows (approximately)
/*!40000 ALTER TABLE `shop_vouchers` DISABLE KEYS */;
INSERT INTO `shop_vouchers` (`id`, `voucher_code`, `voucher_name`, `description`, `uses`, `max_uses`, `max_uses_user`, `type`, `discount_amount`, `is_fixed`, `start_date`, `end_date`, `created_at`, `updated_at`, `deleted_at`) VALUES
	(1, 'VOU1', 'VOUCHER1', 'Voucher ', 0, 10, 1, 1, 500000, b'1', '2020-02-01 00:00:00', '2020-05-31 23:59:59', '2020-02-17 15:07:31', NULL, NULL),
	(2, 'COUP1', 'COUPON1', 'Coupon', 0, 20, 1, 2, 5, b'0', '2020-02-01 00:00:00', '2020-03-31 23:59:59', '2020-02-17 15:10:54', NULL, NULL);
/*!40000 ALTER TABLE `shop_vouchers` ENABLE KEYS */;

/*!40101 SET SQL_MODE=IFNULL(@OLD_SQL_MODE, '') */;
/*!40014 SET FOREIGN_KEY_CHECKS=IF(@OLD_FOREIGN_KEY_CHECKS IS NULL, 1, @OLD_FOREIGN_KEY_CHECKS) */;
/*!40101 SET CHARACTER_SET_CLIENT=@OLD_CHARACTER_SET_CLIENT */;
